"identificador_prova","nome_prova_cargo_listagem","url_pagina_detalhes","ano_listagem","orgao_listagem","banca_listagem","nivel_listagem","url_pdf_final","todos_url_pdf","nome_prova_detalhe","banca_detalhe"
"https://www.pciconcursos.com.br/provas/download/1-tenente-pm-medico-veterinario-policia-militar-ma-cespe-2017","1º Tenente PM - Médico Veterinário","https://www.pciconcursos.com.br/provas/download/1-tenente-pm-medico-veterinario-policia-militar-ma-cespe-2017","2017","Polícia Militar/MA","CESPE","Superior","https://www.cdn.pciconcursos.com.br/PROVAS/1_tenente_pm_medico_veterinario_policia_militar_ma_cespe_2017.pdf","['https://www.cdn.pciconcursos.com.br/PROVAS/1_tenente_pm_medico_veterinario_policia_militar_ma_cespe_2017.pdf']","Nome Simulado Detalhe","Banca Simulado Detalhe"
"https://www.pciconcursos.com.br/provas/download/agente-tecnico-administrativo-medico-veterinario-fimes-fimes-2018","Agente Técnico Administrativo - Médico Veterinário","https://www.pciconcursos.com.br/provas/download/agente-tecnico-administrativo-medico-veterinario-fimes-fimes-2018","2018","FIMES","FIMES","Superior","https://www.cdn.pciconcursos.com.br/PROVAS/agente_tecnico_administrativo_medico_veterinario_fimes_fimes_2018.pdf","['https://www.cdn.pciconcursos.com.br/PROVAS/agente_tecnico_administrativo_medico_veterinario_fimes_fimes_2018.pdf']","Nome Simulado Detalhe","Banca Simulado Detalhe"
"https://www.pciconcursos.com.br/provas/download/agente-tecnico-administrativo-medico-veterinario-fimes-fimes-2016","Agente Técnico Administrativo - Médico Veterinário","https://www.pciconcursos.com.br/provas/download/agente-tecnico-administrativo-medico-veterinario-fimes-fimes-2016","2016","FIMES","FIMES","Superior","https://www.cdn.pciconcursos.com.br/PROVAS/agente_tecnico_administrativo_medico_veterinario_fimes_fimes_2016.pdf","['https://www.cdn.pciconcursos.com.br/PROVAS/agente_tecnico_administrativo_medico_veterinario_fimes_fimes_2016.pdf']","Nome Simulado Detalhe","Banca Simulado Detalhe"
"https://www.pciconcursos.com.br/provas/download/analista-agropecuario-e-florestal-medico-veterinario-spgg-rs-fundatec-2022","Analista Agropecuário e Florestal - Médico Veterinário","https://www.pciconcursos.com.br/provas/download/analista-agropecuario-e-florestal-medico-veterinario-spgg-rs-fundatec-2022","2022","SPGG/RS","FUNDATEC","Superior","https://www.cdn.pciconcursos.com.br/PROVAS/analista_agropecuario_e_florestal_medico_veterinario_spgg_rs_fundatec_2022.pdf","['https://www.cdn.pciconcursos.com.br/PROVAS/analista_agropecuario_e_florestal_medico_veterinario_spgg_rs_fundatec_2022.pdf']","Nome Simulado Detalhe","Banca Simulado Detalhe"
"https://www.pciconcursos.com.br/provas/download/analista-ambiental-medico-veterinario-sedam-ro-funcab-2014","Analista Ambiental - Médico Veterinário","https://www.pciconcursos.com.br/provas/download/analista-ambiental-medico-veterinario-sedam-ro-funcab-2014","2014","SEDAM/RO","FUNCAB","Superior","https://www.cdn.pciconcursos.com.br/PROVAS/analista_ambiental_medico_veterinario_sedam_ro_funcab_2014.pdf","['https://www.cdn.pciconcursos.com.br/PROVAS/analista_ambiental_medico_veterinario_sedam_ro_funcab_2014.pdf']","Nome Simulado Detalhe","Banca Simulado Detalhe"
"https://www.pciconcursos.com.br/provas/download/analista-de-atividades-do-meio-ambiente-medico-veterinario-ibram-df-cespe-2009","Analista de Atividades do Meio Ambiente - Médico Veterinário","https://www.pciconcursos.com.br/provas/download/analista-de-atividades-do-meio-ambiente-medico-veterinario-ibram-df-cespe-2009","2009","IBRAM/DF","CESPE","Superior","https://www.cdn.pciconcursos.com.br/PROVAS/analista_de_atividades_do_meio_ambiente_medico_veterinario_ibram_df_cespe_2009.pdf","['https://www.cdn.pciconcursos.com.br/PROVAS/analista_de_atividades_do_meio_ambiente_medico_veterinario_ibram_df_cespe_2009.pdf']","Nome Simulado Detalhe","Banca Simulado Detalhe"
"https://www.pciconcursos.com.br/provas/download/analista-do-meio-ambiente-medico-veterinario-sad-mt-unemat-2010","Analista do Meio Ambiente - Médico Veterinário","https://www.pciconcursos.com.br/provas/download/analista-do-meio-ambiente-medico-veterinario-sad-mt-unemat-2010","2010","SAD/MT","UNEMAT","Superior","https://www.cdn.pciconcursos.com.br/PROVAS/analista_do_meio_ambiente_medico_veterinario_sad_mt_unemat_2010.pdf","['https://www.cdn.pciconcursos.com.br/PROVAS/analista_do_meio_ambiente_medico_veterinario_sad_mt_unemat_2010.pdf']","Nome Simulado Detalhe","Banca Simulado Detalhe"
"https://www.pciconcursos.com.br/provas/download/analista-em-saude-medico-veterinario-prefeitura-anapolis-go-funcab-2011","Analista em Saúde - Médico Veterinário","https://www.pciconcursos.com.br/provas/download/analista-em-saude-medico-veterinario-prefeitura-anapolis-go-funcab-2011","2011","Pref. Anápolis/GO","FUNCAB","Superior","https://www.cdn.pciconcursos.com.br/PROVAS/analista_em_saude_medico_veterinario_prefeitura_anapolis_go_funcab_2011.pdf","['https://www.cdn.pciconcursos.com.br/PROVAS/analista_em_saude_medico_veterinario_prefeitura_anapolis_go_funcab_2011.pdf']","Nome Simulado Detalhe","Banca Simulado Detalhe"
"https://www.pciconcursos.com.br/provas/download/analista-medico-veterinario-fepam-fepam-2015","Analista Médico Veterinário","https://www.pciconcursos.com.br/provas/download/analista-medico-veterinario-fepam-fepam-2015","2015","FEPAM","FEPAM","Superior","https://www.cdn.pciconcursos.com.br/PROVAS/analista_medico_veterinario_fepam_fepam_2015.pdf","['https://www.cdn.pciconcursos.com.br/PROVAS/analista_medico_veterinario_fepam_fepam_2015.pdf']","Nome Simulado Detalhe","Banca Simulado Detalhe"
"https://www.pciconcursos.com.br/provas/download/analista-municipal-medico-veterinario-prefeitura-cantanhede-ma-ima-2016","Analista Municipal Médico Veterinário","https://www.pciconcursos.com.br/provas/download/analista-municipal-medico-veterinario-prefeitura-cantanhede-ma-ima-2016","2016","Pref. Cantanhede/MA","IMA","Superior","https://www.cdn.pciconcursos.com.br/PROVAS/analista_municipal_medico_veterinario_prefeitura_cantanhede_ma_ima_2016.pdf","['https://www.cdn.pciconcursos.com.br/PROVAS/analista_municipal_medico_veterinario_prefeitura_cantanhede_ma_ima_2016.pdf']","Nome Simulado Detalhe","Banca Simulado Detalhe"
"https://www.pciconcursos.com.br/provas/download/analista-tecnico-cientifico-medico-veterinario-mp-sp-vunesp-2016","Analista Técnico Científico - Médico Veterinário","https://www.pciconcursos.com.br/provas/download/analista-tecnico-cientifico-medico-veterinario-mp-sp-vunesp-2016","2016","MP/SP","VUNESP","Superior","https://www.cdn.pciconcursos.com.br/PROVAS/analista_tecnico_cientifico_medico_veterinario_mp_sp_vunesp_2016.pdf","['https://www.cdn.pciconcursos.com.br/PROVAS/analista_tecnico_cientifico_medico_veterinario_mp_sp_vunesp_2016.pdf']","Nome Simulado Detalhe","Banca Simulado Detalhe"
"https://www.pciconcursos.com.br/provas/download/auxiliar-de-medico-veterinario-prefeitura-ubatuba-sp-avanca-sp-2023","Auxiliar de Médico Veterinário","https://www.pciconcursos.com.br/provas/download/auxiliar-de-medico-veterinario-prefeitura-ubatuba-sp-avanca-sp-2023","2023","Pref. Ubatuba/SP","Avança SP","Médio","https://www.cdn.pciconcursos.com.br/PROVAS/auxiliar_de_medico_veterinario_prefeitura_ubatuba_sp_avanca_sp_2023.pdf","['https://www.cdn.pciconcursos.com.br/PROVAS/auxiliar_de_medico_veterinario_prefeitura_ubatuba_sp_avanca_sp_2023.pdf']","Nome Simulado Detalhe","Banca Simulado Detalhe"
"https://www.pciconcursos.com.br/provas/download/auxiliar-de-medico-veterinario-prefeitura-itapevi-sp-vunesp-2025","Auxiliar de Médico-Veterinário","https://www.pciconcursos.com.br/provas/download/auxiliar-de-medico-veterinario-prefeitura-itapevi-sp-vunesp-2025","2025","Pref. Itapevi/SP","VUNESP","Médio","https://www.cdn.pciconcursos.com.br/PROVAS/auxiliar_de_medico_veterinario_prefeitura_itapevi_sp_vunesp_2025.pdf","['https://www.cdn.pciconcursos.com.br/PROVAS/auxiliar_de_medico_veterinario_prefeitura_itapevi_sp_vunesp_2025.pdf']","Nome Simulado Detalhe","Banca Simulado Detalhe"
"https://www.pciconcursos.com.br/provas/download/cargos-de-medico-veterinario-prefeitura-ipojuca-pe-cespe-2009","Cargos de Médico Veterinário","https://www.pciconcursos.com.br/provas/download/cargos-de-medico-veterinario-prefeitura-ipojuca-pe-cespe-2009","2009","Pref. Ipojuca/PE","CESPE","Superior","https://www.cdn.pciconcursos.com.br/PROVAS/cargos_de_medico_veterinario_prefeitura_ipojuca_pe_cespe_2009.pdf","['https://www.cdn.pciconcursos.com.br/PROVAS/cargos_de_medico_veterinario_prefeitura_ipojuca_pe_cespe_2009.pdf']","Nome Simulado Detalhe","Banca Simulado Detalhe"
"https://www.pciconcursos.com.br/provas/download/especialista-da-saude-i-medico-veterinario-prefeitura-ariquemes-ro-funcab-2016","Especialista da Saúde I - Médico Veterinário","https://www.pciconcursos.com.br/provas/download/especialista-da-saude-i-medico-veterinario-prefeitura-ariquemes-ro-funcab-2016","2016","Pref. Ariquemes/RO","FUNCAB","Superior","https://www.cdn.pciconcursos.com.br/PROVAS/especialista_da_saude_i_medico_veterinario_prefeitura_ariquemes_ro_funcab_2016.pdf","['https://www.cdn.pciconcursos.com.br/PROVAS/especialista_da_saude_i_medico_veterinario_prefeitura_ariquemes_ro_funcab_2016.pdf']","Nome Simulado Detalhe","Banca Simulado Detalhe"
"https://www.pciconcursos.com.br/provas/download/especialista-em-saude-medico-veterinario-prefeitura-cuiaba-mt-sms-ibfc-2023","Especialista em Saúde - Médico Veterinário","https://www.pciconcursos.com.br/provas/download/especialista-em-saude-medico-veterinario-prefeitura-cuiaba-mt-sms-ibfc-2023","2023","Pref. Cuiabá/MT - SMS","IBFC","Superior","https://www.cdn.pciconcursos.com.br/PROVAS/especialista_em_saude_medico_veterinario_prefeitura_cuiaba_mt_sms_ibfc_2023.pdf","['https://www.cdn.pciconcursos.com.br/PROVAS/especialista_em_saude_medico_veterinario_prefeitura_cuiaba_mt_sms_ibfc_2023.pdf']","Nome Simulado Detalhe","Banca Simulado Detalhe"
"https://www.pciconcursos.com.br/provas/download/especialista-em-saude-medico-veterinario-prefeitura-cuiaba-mt-fgv-2015","Especialista em Saúde - Médico Veterinário","https://www.pciconcursos.com.br/provas/download/especialista-em-saude-medico-veterinario-prefeitura-cuiaba-mt-fgv-2015","2015","Pref. Cuiabá/MT","FGV","Superior","https://www.cdn.pciconcursos.com.br/PROVAS/especialista_em_saude_medico_veterinario_prefeitura_cuiaba_mt_fgv_2015.pdf","['https://www.cdn.pciconcursos.com.br/PROVAS/especialista_em_saude_medico_veterinario_prefeitura_cuiaba_mt_fgv_2015.pdf']","Nome Simulado Detalhe","Banca Simulado Detalhe"
"https://www.pciconcursos.com.br/provas/download/especialista-em-saude-medico-veterinario-prefeitura-sao-paulo-sp-sms-vunesp-2014","Especialista em Saúde - Médico Veterinário","https://www.pciconcursos.com.br/provas/download/especialista-em-saude-medico-veterinario-prefeitura-sao-paulo-sp-sms-vunesp-2014","2014","Pref. São Paulo/SP - SMS","VUNESP","Superior","https://www.cdn.pciconcursos.com.br/PROVAS/especialista_em_saude_medico_veterinario_prefeitura_sao_paulo_sp_sms_vunesp_2014.pdf","['https://www.cdn.pciconcursos.com.br/PROVAS/especialista_em_saude_medico_veterinario_prefeitura_sao_paulo_sp_sms_vunesp_2014.pdf']","Nome Simulado Detalhe","Banca Simulado Detalhe"
"https://www.pciconcursos.com.br/provas/download/especialista-em-saude-i-medico-veterinario-sanitarista-prefeitura-cubatao-sp-vunesp-2012","Especialista em Saúde I - Médico Veterinário Sanitarista","https://www.pciconcursos.com.br/provas/download/especialista-em-saude-i-medico-veterinario-sanitarista-prefeitura-cubatao-sp-vunesp-2012","2012","Pref. Cubatão/SP","VUNESP","Superior","https://www.cdn.pciconcursos.com.br/PROVAS/especialista_em_saude_i_medico_veterinario_sanitarista_prefeitura_cubatao_sp_vunesp_2012.pdf","['https://www.cdn.pciconcursos.com.br/PROVAS/especialista_em_saude_i_medico_veterinario_sanitarista_prefeitura_cubatao_sp_vunesp_2012.pdf']","Nome Simulado Detalhe","Banca Simulado Detalhe"
"https://www.pciconcursos.com.br/provas/download/especialista-em-saude-nasf-medico-veterinario-prefeitura-santa-fe-de-minas-mg-cotec-unimontes-2016","Especialista em Saúde/ NASF/ Médico Veterinário","https://www.pciconcursos.com.br/provas/download/especialista-em-saude-nasf-medico-veterinario-prefeitura-santa-fe-de-minas-mg-cotec-unimontes-2016","2016","Pref. Santa Fé de Minas/MG","COTEC/UNIMONTES","Superior","https://www.cdn.pciconcursos.com.br/PROVAS/especialista_em_saude_nasf_medico_veterinario_prefeitura_santa_fe_de_minas_mg_cotec_unimontes_2016.pdf","['https://www.cdn.pciconcursos.com.br/PROVAS/especialista_em_saude_nasf_medico_veterinario_prefeitura_santa_fe_de_minas_mg_cotec_unimontes_2016.pdf']","Nome Simulado Detalhe","Banca Simulado Detalhe"
"https://www.pciconcursos.com.br/provas/download/especialista-portuario-ii-medico-veterinario-codesp-sp-vunesp-2011","Especialista Portuário II - Médico Veterinário","https://www.pciconcursos.com.br/provas/download/especialista-portuario-ii-medico-veterinario-codesp-sp-vunesp-2011","2011","CODESP/SP","VUNESP","Superior","https://www.cdn.pciconcursos.com.br/PROVAS/especialista_portuario_ii_medico_veterinario_codesp_sp_vunesp_2011.pdf","['https://www.cdn.pciconcursos.com.br/PROVAS/especialista_portuario_ii_medico_veterinario_codesp_sp_vunesp_2011.pdf']","Nome Simulado Detalhe","Banca Simulado Detalhe"
"https://www.pciconcursos.com.br/provas/download/extensionista-rural-area-economica-medico-veterinario-secad-to-aocp-2012","Extensionista Rural - Área Econômica - Médico Veterinário","https://www.pciconcursos.com.br/provas/download/extensionista-rural-area-economica-medico-veterinario-secad-to-aocp-2012","2012","SECAD/TO","AOCP","Superior","https://www.cdn.pciconcursos.com.br/PROVAS/extensionista_rural_area_economica_medico_veterinario_secad_to_aocp_2012.pdf","['https://www.cdn.pciconcursos.com.br/PROVAS/extensionista_rural_area_economica_medico_veterinario_secad_to_aocp_2012.pdf']","Nome Simulado Detalhe","Banca Simulado Detalhe"
"https://www.pciconcursos.com.br/provas/download/extensionista-rural-i-medico-veterinario-emater-pa-unama-2005","Extensionista Rural I - Médico Veterinário","https://www.pciconcursos.com.br/provas/download/extensionista-rural-i-medico-veterinario-emater-pa-unama-2005","2005","EMATER/PA","UNAMA","Superior","https://www.cdn.pciconcursos.com.br/PROVAS/extensionista_rural_i_medico_veterinario_emater_pa_unama_2005.pdf","['https://www.cdn.pciconcursos.com.br/PROVAS/extensionista_rural_i_medico_veterinario_emater_pa_unama_2005.pdf']","Nome Simulado Detalhe","Banca Simulado Detalhe"
"https://www.pciconcursos.com.br/provas/download/fiscal-agropecuaria-e-florestal-medico-veterinario-sad-mt-unemat-2010","Fiscal Agropecuária e Florestal - Médico Veterinário","https://www.pciconcursos.com.br/provas/download/fiscal-agropecuaria-e-florestal-medico-veterinario-sad-mt-unemat-2010","2010","SAD/MT","UNEMAT","Superior","https://www.cdn.pciconcursos.com.br/PROVAS/fiscal_agropecuaria_e_florestal_medico_veterinario_sad_mt_unemat_2010.pdf","['https://www.cdn.pciconcursos.com.br/PROVAS/fiscal_agropecuaria_e_florestal_medico_veterinario_sad_mt_unemat_2010.pdf']","Nome Simulado Detalhe","Banca Simulado Detalhe"
"https://www.pciconcursos.com.br/provas/download/fiscal-de-controle-sanitario-fiscal-sanitario-medico-veterinario-seplag-prefeitura-salvador-ba-cesgranrio-2011","Fiscal de Controle Sanitário - Fiscal Sanitário Médico Veterinário","https://www.pciconcursos.com.br/provas/download/fiscal-de-controle-sanitario-fiscal-sanitario-medico-veterinario-seplag-prefeitura-salvador-ba-cesgranrio-2011","2011","SEPLAG - Pref. Salvador/BA","CESGRANRIO","Superior","https://www.cdn.pciconcursos.com.br/PROVAS/fiscal_de_controle_sanitario_fiscal_sanitario_medico_veterinario_seplag_prefeitura_salvador_ba_cesgranrio_2011.pdf","['https://www.cdn.pciconcursos.com.br/PROVAS/fiscal_de_controle_sanitario_fiscal_sanitario_medico_veterinario_seplag_prefeitura_salvador_ba_cesgranrio_2011.pdf']","Nome Simulado Detalhe","Banca Simulado Detalhe"
"https://www.pciconcursos.com.br/provas/download/fiscal-de-defesa-agropecuaria-funcao-medico-veterinario-seap-adapar-cebraspe-2021","Fiscal de Defesa Agropecuária - Função:Médico Veterinário","https://www.pciconcursos.com.br/provas/download/fiscal-de-defesa-agropecuaria-funcao-medico-veterinario-seap-adapar-cebraspe-2021","2021","SEAP/ ADAPAR","CEBRASPE","Superior","https://www.cdn.pciconcursos.com.br/PROVAS/fiscal_de_defesa_agropecuaria_funcao_medico_veterinario_seap_adapar_cebraspe_2021.pdf","['https://www.cdn.pciconcursos.com.br/PROVAS/fiscal_de_defesa_agropecuaria_funcao_medico_veterinario_seap_adapar_cebraspe_2021.pdf']","Nome Simulado Detalhe","Banca Simulado Detalhe"
"https://www.pciconcursos.com.br/provas/download/fiscal-de-defesa-animal-medico-veterinario-aged-ma-fcc-2005","Fiscal de Defesa Animal - Médico Veterinário","https://www.pciconcursos.com.br/provas/download/fiscal-de-defesa-animal-medico-veterinario-aged-ma-fcc-2005","2005","AGED/MA","FCC","Superior","https://www.cdn.pciconcursos.com.br/PROVAS/fiscal_de_defesa_animal_medico_veterinario_aged_ma_fcc_2005.pdf","['https://www.cdn.pciconcursos.com.br/PROVAS/fiscal_de_defesa_animal_medico_veterinario_aged_ma_fcc_2005.pdf']","Nome Simulado Detalhe","Banca Simulado Detalhe"
"https://www.pciconcursos.com.br/provas/download/fiscal-de-defesa-sanitaria-agrosilvopastoril-medico-veterinario-idaron-funcab-2009","Fiscal de Defesa Sanitária Agrosilvopastoril - Médico Veterinário","https://www.pciconcursos.com.br/provas/download/fiscal-de-defesa-sanitaria-agrosilvopastoril-medico-veterinario-idaron-funcab-2009","2009","IDARON","FUNCAB","Superior","https://www.cdn.pciconcursos.com.br/PROVAS/fiscal_de_defesa_sanitaria_agrosilvopastoril_medico_veterinario_idaron_funcab_2009.pdf","['https://www.cdn.pciconcursos.com.br/PROVAS/fiscal_de_defesa_sanitaria_agrosilvopastoril_medico_veterinario_idaron_funcab_2009.pdf']","Nome Simulado Detalhe","Banca Simulado Detalhe"
"https://www.pciconcursos.com.br/provas/download/fiscal-de-saude-medico-veterinario-prefeitura-divinopolis-mg-ibfc-2018","Fiscal de Saúde - Médico Veterinário","https://www.pciconcursos.com.br/provas/download/fiscal-de-saude-medico-veterinario-prefeitura-divinopolis-mg-ibfc-2018","2018","Pref. Divinópolis/MG","IBFC","Superior","https://www.cdn.pciconcursos.com.br/PROVAS/fiscal_de_saude_medico_veterinario_prefeitura_divinopolis_mg_ibfc_2018.pdf","['https://www.cdn.pciconcursos.com.br/PROVAS/fiscal_de_saude_medico_veterinario_prefeitura_divinopolis_mg_ibfc_2018.pdf']","Nome Simulado Detalhe","Banca Simulado Detalhe"
"https://www.pciconcursos.com.br/provas/download/fiscal-de-saude-medico-veterinario-semsa-prefeitura-manaus-am-cetro-2012","Fiscal de Saúde - Médico Veterinário","https://www.pciconcursos.com.br/provas/download/fiscal-de-saude-medico-veterinario-semsa-prefeitura-manaus-am-cetro-2012","2012","SEMSA - Pref. Manaus/AM","CETRO","Superior","https://www.cdn.pciconcursos.com.br/PROVAS/fiscal_de_saude_medico_veterinario_semsa_prefeitura_manaus_am_cetro_2012.pdf","['https://www.cdn.pciconcursos.com.br/PROVAS/fiscal_de_saude_medico_veterinario_semsa_prefeitura_manaus_am_cetro_2012.pdf']","Nome Simulado Detalhe","Banca Simulado Detalhe"
"https://www.pciconcursos.com.br/provas/download/fiscal-de-saude-medico-veterinario-semsa-prefeitura-manaus-am-cesgranrio-2005","Fiscal de Saúde - Médico Veterinário","https://www.pciconcursos.com.br/provas/download/fiscal-de-saude-medico-veterinario-semsa-prefeitura-manaus-am-cesgranrio-2005","2005","SEMSA - Pref. Manaus/AM","CESGRANRIO","Superior","https://www.cdn.pciconcursos.com.br/PROVAS/fiscal_de_saude_medico_veterinario_semsa_prefeitura_manaus_am_cesgranrio_2005.pdf","['https://www.cdn.pciconcursos.com.br/PROVAS/fiscal_de_saude_medico_veterinario_semsa_prefeitura_manaus_am_cesgranrio_2005.pdf']","Nome Simulado Detalhe","Banca Simulado Detalhe"
"https://www.pciconcursos.com.br/provas/download/fiscal-de-vigilancia-sanitaria-medico-veterinario-prefeitura-dourados-ms-instituto-ibest-2024","Fiscal de Vigilância Sanitária - Médico Veterinário","https://www.pciconcursos.com.br/provas/download/fiscal-de-vigilancia-sanitaria-medico-veterinario-prefeitura-dourados-ms-instituto-ibest-2024","2024","Pref. Dourados/MS","INSTITUTO IBEST","Superior","https://www.cdn.pciconcursos.com.br/PROVAS/fiscal_de_vigilancia_sanitaria_medico_veterinario_prefeitura_dourados_ms_instituto_ibest_2024.pdf","['https://www.cdn.pciconcursos.com.br/PROVAS/fiscal_de_vigilancia_sanitaria_medico_veterinario_prefeitura_dourados_ms_instituto_ibest_2024.pdf']","Nome Simulado Detalhe","Banca Simulado Detalhe"
"https://www.pciconcursos.com.br/provas/download/fiscal-de-vigilancia-sanitaria-medico-veterinario-prefeitura-marica-rj-funrio-2007","Fiscal de Vigilância Sanitária - Médico Veterinário","https://www.pciconcursos.com.br/provas/download/fiscal-de-vigilancia-sanitaria-medico-veterinario-prefeitura-marica-rj-funrio-2007","2007","Pref. Maricá/RJ","FUNRIO","Superior","https://www.cdn.pciconcursos.com.br/PROVAS/fiscal_de_vigilancia_sanitaria_medico_veterinario_prefeitura_marica_rj_funrio_2007.pdf","['https://www.cdn.pciconcursos.com.br/PROVAS/fiscal_de_vigilancia_sanitaria_medico_veterinario_prefeitura_marica_rj_funrio_2007.pdf']","Nome Simulado Detalhe","Banca Simulado Detalhe"
"https://www.pciconcursos.com.br/provas/download/fiscal-estadual-agropecuario-medico-veterinario-spgg-rs-fundatec-2022","Fiscal Estadual Agropecuário - Médico Veterinário","https://www.pciconcursos.com.br/provas/download/fiscal-estadual-agropecuario-medico-veterinario-spgg-rs-fundatec-2022","2022","SPGG/RS","FUNDATEC","Superior","https://www.cdn.pciconcursos.com.br/PROVAS/fiscal_estadual_agropecuario_medico_veterinario_spgg_rs_fundatec_2022.pdf","['https://www.cdn.pciconcursos.com.br/PROVAS/fiscal_estadual_agropecuario_medico_veterinario_spgg_rs_fundatec_2022.pdf']","Nome Simulado Detalhe","Banca Simulado Detalhe"
"https://www.pciconcursos.com.br/provas/download/fiscal-medico-veterinario-crm-pi-quadrix-2022","Fiscal Médico - Veterinário","https://www.pciconcursos.com.br/provas/download/fiscal-medico-veterinario-crm-pi-quadrix-2022","2022","CRM/PI","QUADRIX","Superior","https://www.cdn.pciconcursos.com.br/PROVAS/fiscal_medico_veterinario_crm_pi_quadrix_2022.pdf","['https://www.cdn.pciconcursos.com.br/PROVAS/fiscal_medico_veterinario_crm_pi_quadrix_2022.pdf']","Nome Simulado Detalhe","Banca Simulado Detalhe"
"https://www.pciconcursos.com.br/provas/download/fiscal-medico-veterinario-crmv-mt-quadrix-2023","Fiscal Médico Veterinário","https://www.pciconcursos.com.br/provas/download/fiscal-medico-veterinario-crmv-mt-quadrix-2023","2023","CRMV/MT","QUADRIX","Superior","https://www.cdn.pciconcursos.com.br/PROVAS/fiscal_medico_veterinario_crmv_mt_quadrix_2023.pdf","['https://www.cdn.pciconcursos.com.br/PROVAS/fiscal_medico_veterinario_crmv_mt_quadrix_2023.pdf']","Nome Simulado Detalhe","Banca Simulado Detalhe"
"https://www.pciconcursos.com.br/provas/download/fiscal-medico-veterinario-crmv-ro-quadrix-2021","Fiscal Médico Veterinário","https://www.pciconcursos.com.br/provas/download/fiscal-medico-veterinario-crmv-ro-quadrix-2021","2021","CRMV/RO","QUADRIX","Superior","https://www.cdn.pciconcursos.com.br/PROVAS/fiscal_medico_veterinario_crmv_ro_quadrix_2021.pdf","['https://www.cdn.pciconcursos.com.br/PROVAS/fiscal_medico_veterinario_crmv_ro_quadrix_2021.pdf']","Nome Simulado Detalhe","Banca Simulado Detalhe"
"https://www.pciconcursos.com.br/provas/download/fiscal-sanitario-medico-veterinario-prefeitura-nova-friburgo-rj-instituto-consulplan-2023","Fiscal Sanitário (Médico Veterinário)","https://www.pciconcursos.com.br/provas/download/fiscal-sanitario-medico-veterinario-prefeitura-nova-friburgo-rj-instituto-consulplan-2023","2023","Pref. Nova Friburgo/RJ","INSTITUTO CONSULPLAN","Superior","https://www.cdn.pciconcursos.com.br/PROVAS/fiscal_sanitario_medico_veterinario_prefeitura_nova_friburgo_rj_instituto_consulplan_2023.pdf","['https://www.cdn.pciconcursos.com.br/PROVAS/fiscal_sanitario_medico_veterinario_prefeitura_nova_friburgo_rj_instituto_consulplan_2023.pdf']","Nome Simulado Detalhe","Banca Simulado Detalhe"
"https://www.pciconcursos.com.br/provas/download/fiscal-sanitario-medico-veterinario-prefeitura-resende-rj-biorio-2012","Fiscal Sanitário - Médico Veterinário","https://www.pciconcursos.com.br/provas/download/fiscal-sanitario-medico-veterinario-prefeitura-resende-rj-biorio-2012","2012","Pref, Resende/RJ","BIORIO","Superior","https://www.cdn.pciconcursos.com.br/PROVAS/fiscal_sanitario_medico_veterinario_prefeitura_resende_rj_biorio_2012.pdf","['https://www.cdn.pciconcursos.com.br/PROVAS/fiscal_sanitario_medico_veterinario_prefeitura_resende_rj_biorio_2012.pdf']","Nome Simulado Detalhe","Banca Simulado Detalhe"
"https://www.pciconcursos.com.br/provas/download/fiscal-sanitario-medico-veterinario-prefeitura-lavras-mg-fundep-2009","Fiscal Sanitário - Médico Veterinário","https://www.pciconcursos.com.br/provas/download/fiscal-sanitario-medico-veterinario-prefeitura-lavras-mg-fundep-2009","2009","Pref. Lavras/MG","FUNDEP","Superior","https://www.cdn.pciconcursos.com.br/PROVAS/fiscal_sanitario_medico_veterinario_prefeitura_lavras_mg_fundep_2009.pdf","['https://www.cdn.pciconcursos.com.br/PROVAS/fiscal_sanitario_medico_veterinario_prefeitura_lavras_mg_fundep_2009.pdf']","Nome Simulado Detalhe","Banca Simulado Detalhe"
"https://www.pciconcursos.com.br/provas/download/fiscal-sanitario-ii-medico-veterinario-prefeitura-betim-mg-fumarc-2024","Fiscal Sanitário II - Médico Veterinário","https://www.pciconcursos.com.br/provas/download/fiscal-sanitario-ii-medico-veterinario-prefeitura-betim-mg-fumarc-2024","2024","Pref. Betim/MG","FUMARC","Superior","https://www.cdn.pciconcursos.com.br/PROVAS/fiscal_sanitario_ii_medico_veterinario_prefeitura_betim_mg_fumarc_2024.pdf","['https://www.cdn.pciconcursos.com.br/PROVAS/fiscal_sanitario_ii_medico_veterinario_prefeitura_betim_mg_fumarc_2024.pdf']","Nome Simulado Detalhe","Banca Simulado Detalhe"
"https://www.pciconcursos.com.br/provas/download/inspetor-agropecuario-medico-veterinario-secad-to-aocp-2012","Inspetor Agropecuário - Médico Veterinário","https://www.pciconcursos.com.br/provas/download/inspetor-agropecuario-medico-veterinario-secad-to-aocp-2012","2012","SECAD/TO","AOCP","Superior","https://www.cdn.pciconcursos.com.br/PROVAS/inspetor_agropecuario_medico_veterinario_secad_to_aocp_2012.pdf","['https://www.cdn.pciconcursos.com.br/PROVAS/inspetor_agropecuario_medico_veterinario_secad_to_aocp_2012.pdf']","Nome Simulado Detalhe","Banca Simulado Detalhe"
"https://www.pciconcursos.com.br/provas/download/inspetor-sanitario-medico-veterinario-prefeitura-patos-pb-paqtcpb-2010","Inspetor Sanitário Médico Veterinário","https://www.pciconcursos.com.br/provas/download/inspetor-sanitario-medico-veterinario-prefeitura-patos-pb-paqtcpb-2010","2010","Pref. Patos/PB","PaqTcPB","Superior","https://www.cdn.pciconcursos.com.br/PROVAS/inspetor_sanitario_medico_veterinario_prefeitura_patos_pb_paqtcpb_2010.pdf","['https://www.cdn.pciconcursos.com.br/PROVAS/inspetor_sanitario_medico_veterinario_prefeitura_patos_pb_paqtcpb_2010.pdf']","Nome Simulado Detalhe","Banca Simulado Detalhe"
"https://www.pciconcursos.com.br/provas/download/medico-veterinario-prefeitura-guamare-rn-funcern-2024","Médico - Veterinário","https://www.pciconcursos.com.br/provas/download/medico-veterinario-prefeitura-guamare-rn-funcern-2024","2024","Pref. Guamaré/RN","FUNCERN","Superior","https://www.cdn.pciconcursos.com.br/PROVAS/medico_veterinario_prefeitura_guamare_rn_funcern_2024.pdf","['https://www.cdn.pciconcursos.com.br/PROVAS/medico_veterinario_prefeitura_guamare_rn_funcern_2024.pdf']","Nome Simulado Detalhe","Banca Simulado Detalhe"
"https://www.pciconcursos.com.br/provas/download/medico-veterinario-ufpe-progepe-ufpe-2022","Médico - Veterinário","https://www.pciconcursos.com.br/provas/download/medico-veterinario-ufpe-progepe-ufpe-2022","2022","UFPE","PROGEPE/UFPE","Superior","https://www.cdn.pciconcursos.com.br/PROVAS/medico_veterinario_ufpe_progepe_ufpe_2022.pdf","['https://www.cdn.pciconcursos.com.br/PROVAS/medico_veterinario_ufpe_progepe_ufpe_2022.pdf']","Nome Simulado Detalhe","Banca Simulado Detalhe"
"https://www.pciconcursos.com.br/provas/download/medico-veterinario-prefeitura-flores-da-cunha-rs-fundatec-2022","Médico - Veterinário","https://www.pciconcursos.com.br/provas/download/medico-veterinario-prefeitura-flores-da-cunha-rs-fundatec-2022","2022","Pref. Flores da Cunha/RS","FUNDATEC","Superior","https://www.cdn.pciconcursos.com.br/PROVAS/medico_veterinario_prefeitura_flores_da_cunha_rs_fundatec_2022.pdf","['https://www.cdn.pciconcursos.com.br/PROVAS/medico_veterinario_prefeitura_flores_da_cunha_rs_fundatec_2022.pdf']","Nome Simulado Detalhe","Banca Simulado Detalhe"
"https://www.pciconcursos.com.br/provas/download/medico-veterinario-idam-ibfc-2019","Médico - Veterinário","https://www.pciconcursos.com.br/provas/download/medico-veterinario-idam-ibfc-2019","2019","IDAM","IBFC","Superior","https://www.cdn.pciconcursos.com.br/PROVAS/medico_veterinario_idam_ibfc_2019.pdf","['https://www.cdn.pciconcursos.com.br/PROVAS/medico_veterinario_idam_ibfc_2019.pdf']","Nome Simulado Detalhe","Banca Simulado Detalhe"
"https://www.pciconcursos.com.br/provas/download/medico-veterinario-prefeitura-itapemirim-es-ibade-2019","Médico - Veterinário","https://www.pciconcursos.com.br/provas/download/medico-veterinario-prefeitura-itapemirim-es-ibade-2019","2019","Pref. Itapemirim/ES","IBADE","Superior","https://www.cdn.pciconcursos.com.br/PROVAS/medico_veterinario_prefeitura_itapemirim_es_ibade_2019.pdf","['https://www.cdn.pciconcursos.com.br/PROVAS/medico_veterinario_prefeitura_itapemirim_es_ibade_2019.pdf']","Nome Simulado Detalhe","Banca Simulado Detalhe"
"https://www.pciconcursos.com.br/provas/download/medico-veterinario-uff-uff-coseac-2019","Médico - Veterinário","https://www.pciconcursos.com.br/provas/download/medico-veterinario-uff-uff-coseac-2019","2019","UFF","UFF/COSEAC","Superior","https://www.cdn.pciconcursos.com.br/PROVAS/medico_veterinario_uff_uff_coseac_2019.pdf","['https://www.cdn.pciconcursos.com.br/PROVAS/medico_veterinario_uff_uff_coseac_2019.pdf']","Nome Simulado Detalhe","Banca Simulado Detalhe"
"https://www.pciconcursos.com.br/provas/download/medico-veterinario-prefeitura-maringa-pr-fauel-2018","Médico - Veterinário","https://www.pciconcursos.com.br/provas/download/medico-veterinario-prefeitura-maringa-pr-fauel-2018","2018","Pref. Maringá/PR","FAUEL","Superior","https://www.cdn.pciconcursos.com.br/PROVAS/medico_veterinario_prefeitura_maringa_pr_fauel_2018.pdf","['https://www.cdn.pciconcursos.com.br/PROVAS/medico_veterinario_prefeitura_maringa_pr_fauel_2018.pdf']","Nome Simulado Detalhe","Banca Simulado Detalhe"
"https://www.pciconcursos.com.br/provas/download/medico-veterinario-prefeitura-serra-talhada-pe-adm-tec-2018","Médico - Veterinário","https://www.pciconcursos.com.br/provas/download/medico-veterinario-prefeitura-serra-talhada-pe-adm-tec-2018","2018","Pref. Serra Talhada/PE","ADM&TEC","Superior","https://www.cdn.pciconcursos.com.br/PROVAS/medico_veterinario_prefeitura_serra_talhada_pe_adm_tec_2018.pdf","['https://www.cdn.pciconcursos.com.br/PROVAS/medico_veterinario_prefeitura_serra_talhada_pe_adm_tec_2018.pdf']","Nome Simulado Detalhe","Banca Simulado Detalhe"
"https://www.pciconcursos.com.br/provas/download/medico-veterinario-prefeitura-lagoa-nova-rn-uepb-2015","Médico - Veterinário","https://www.pciconcursos.com.br/provas/download/medico-veterinario-prefeitura-lagoa-nova-rn-uepb-2015","2015","Pref. Lagoa Nova/RN","UEPB","Superior","https://www.cdn.pciconcursos.com.br/PROVAS/medico_veterinario_prefeitura_lagoa_nova_rn_uepb_2015.pdf","['https://www.cdn.pciconcursos.com.br/PROVAS/medico_veterinario_prefeitura_lagoa_nova_rn_uepb_2015.pdf']","Nome Simulado Detalhe","Banca Simulado Detalhe"
"https://www.pciconcursos.com.br/provas/download/medico-veterinario-prefeitura-tres-rios-rj-biorio-2015","Médico - Veterinário","https://www.pciconcursos.com.br/provas/download/medico-veterinario-prefeitura-tres-rios-rj-biorio-2015","2015","Pref. Três Rios/RJ","BIORIO","Superior","https://www.cdn.pciconcursos.com.br/PROVAS/medico_veterinario_prefeitura_tres_rios_rj_biorio_2015.pdf","['https://www.cdn.pciconcursos.com.br/PROVAS/medico_veterinario_prefeitura_tres_rios_rj_biorio_2015.pdf']","Nome Simulado Detalhe","Banca Simulado Detalhe"
"https://www.pciconcursos.com.br/provas/download/medico-veterinario-prefeitura-de-nova-olimpia-pr-fauel-2015","Médico - Veterinário","https://www.pciconcursos.com.br/provas/download/medico-veterinario-prefeitura-de-nova-olimpia-pr-fauel-2015","2015","Pref. de Nova Olímpia/PR","FAUEL","Superior","https://www.cdn.pciconcursos.com.br/PROVAS/medico_veterinario_prefeitura_de_nova_olimpia_pr_fauel_2015.pdf","['https://www.cdn.pciconcursos.com.br/PROVAS/medico_veterinario_prefeitura_de_nova_olimpia_pr_fauel_2015.pdf']","Nome Simulado Detalhe","Banca Simulado Detalhe"
"https://www.pciconcursos.com.br/provas/download/medico-veterinario-prefeitura-sao-vicente-rn-uepb-2015","Médico - Veterinário","https://www.pciconcursos.com.br/provas/download/medico-veterinario-prefeitura-sao-vicente-rn-uepb-2015","2015","Pref. São Vicente/RN","UEPB","Superior","https://www.cdn.pciconcursos.com.br/PROVAS/medico_veterinario_prefeitura_sao_vicente_rn_uepb_2015.pdf","['https://www.cdn.pciconcursos.com.br/PROVAS/medico_veterinario_prefeitura_sao_vicente_rn_uepb_2015.pdf']","Nome Simulado Detalhe","Banca Simulado Detalhe"
"https://www.pciconcursos.com.br/provas/download/medico-veterinario-prefeitura-sao-joao-da-barra-rj-biorio-2015","Médico - Veterinário","https://www.pciconcursos.com.br/provas/download/medico-veterinario-prefeitura-sao-joao-da-barra-rj-biorio-2015","2015","Pref. São João da Barra/RJ","BIORIO","Superior","https://www.cdn.pciconcursos.com.br/PROVAS/medico_veterinario_prefeitura_sao_joao_da_barra_rj_biorio_2015.pdf","['https://www.cdn.pciconcursos.com.br/PROVAS/medico_veterinario_prefeitura_sao_joao_da_barra_rj_biorio_2015.pdf']","Nome Simulado Detalhe","Banca Simulado Detalhe"
"https://www.pciconcursos.com.br/provas/download/medico-veterinario-prefeitura-santana-do-sirido-rn-uepb-2014","Médico - Veterinário","https://www.pciconcursos.com.br/provas/download/medico-veterinario-prefeitura-santana-do-sirido-rn-uepb-2014","2014","Pref. Santana do Siridó/RN","UEPB","Superior","https://www.cdn.pciconcursos.com.br/PROVAS/medico_veterinario_prefeitura_santana_do_sirido_rn_uepb_2014.pdf","['https://www.cdn.pciconcursos.com.br/PROVAS/medico_veterinario_prefeitura_santana_do_sirido_rn_uepb_2014.pdf']","Nome Simulado Detalhe","Banca Simulado Detalhe"
"https://www.pciconcursos.com.br/provas/download/medico-veterinario-prefeitura-itaicaba-ce-pro-municipio-2012","Médico - Veterinário","https://www.pciconcursos.com.br/provas/download/medico-veterinario-prefeitura-itaicaba-ce-pro-municipio-2012","2012","Pref. Itaiçaba/CE","PRÓ-MUNICÍPIO","Superior","https://www.cdn.pciconcursos.com.br/PROVAS/medico_veterinario_prefeitura_itaicaba_ce_pro_municipio_2012.pdf","['https://www.cdn.pciconcursos.com.br/PROVAS/medico_veterinario_prefeitura_itaicaba_ce_pro_municipio_2012.pdf']","Nome Simulado Detalhe","Banca Simulado Detalhe"
"https://www.pciconcursos.com.br/provas/download/medico-veterinario-prefeitura-angra-dos-reis-rj-ceperj-2007","Médico - Veterinário","https://www.pciconcursos.com.br/provas/download/medico-veterinario-prefeitura-angra-dos-reis-rj-ceperj-2007","2007","Pref. Angra dos Reis/RJ","CEPERJ","Superior","https://www.cdn.pciconcursos.com.br/PROVAS/medico_veterinario_prefeitura_angra_dos_reis_rj_ceperj_2007.pdf","['https://www.cdn.pciconcursos.com.br/PROVAS/medico_veterinario_prefeitura_angra_dos_reis_rj_ceperj_2007.pdf']","Nome Simulado Detalhe","Banca Simulado Detalhe"
"https://www.pciconcursos.com.br/provas/download/medico-sanitarista-veterinario-prefeitura-pedro-de-toledo-sp-moura-melo-2008","Médico Sanitarista Veterinário","https://www.pciconcursos.com.br/provas/download/medico-sanitarista-veterinario-prefeitura-pedro-de-toledo-sp-moura-melo-2008","2008","Pref. Pedro de Toledo/SP","MOURA MELO","Superior","https://www.cdn.pciconcursos.com.br/PROVAS/medico_sanitarista_veterinario_prefeitura_pedro_de_toledo_sp_moura_melo_2008.pdf","['https://www.cdn.pciconcursos.com.br/PROVAS/medico_sanitarista_veterinario_prefeitura_pedro_de_toledo_sp_moura_melo_2008.pdf']","Nome Simulado Detalhe","Banca Simulado Detalhe"
"https://www.pciconcursos.com.br/provas/download/medico-veterinario-prefeitura-calumbi-pe-igeduc-2025","Médico Veterinário","https://www.pciconcursos.com.br/provas/download/medico-veterinario-prefeitura-calumbi-pe-igeduc-2025","2025","Pref. Calumbi/PE","IGEDUC","Superior","https://www.cdn.pciconcursos.com.br/PROVAS/medico_veterinario_prefeitura_calumbi_pe_igeduc_2025.pdf","['https://www.cdn.pciconcursos.com.br/PROVAS/medico_veterinario_prefeitura_calumbi_pe_igeduc_2025.pdf']","Nome Simulado Detalhe","Banca Simulado Detalhe"
"https://www.pciconcursos.com.br/provas/download/medico-veterinario-prefeitura-lapa-pr-objetiva-concursos-2025","Médico Veterinário","https://www.pciconcursos.com.br/provas/download/medico-veterinario-prefeitura-lapa-pr-objetiva-concursos-2025","2025","Pref. Lapa/PR","OBJETIVA CONCURSOS","Superior","https://www.cdn.pciconcursos.com.br/PROVAS/medico_veterinario_prefeitura_lapa_pr_objetiva_concursos_2025.pdf","['https://www.cdn.pciconcursos.com.br/PROVAS/medico_veterinario_prefeitura_lapa_pr_objetiva_concursos_2025.pdf']","Nome Simulado Detalhe","Banca Simulado Detalhe"
"https://www.pciconcursos.com.br/provas/download/medico-veterinario-cides-vrc-selecon-2025","Médico Veterinário","https://www.pciconcursos.com.br/provas/download/medico-veterinario-cides-vrc-selecon-2025","2025","CIDES/VRC","SELECON","Superior","https://www.cdn.pciconcursos.com.br/PROVAS/medico_veterinario_cides_vrc_selecon_2025.pdf","['https://www.cdn.pciconcursos.com.br/PROVAS/medico_veterinario_cides_vrc_selecon_2025.pdf']","Nome Simulado Detalhe","Banca Simulado Detalhe"
"https://www.pciconcursos.com.br/provas/download/medico-veterinario-prefeitura-rio-das-anatas-sc-prefeitura-rio-das-anatas-sc-2025","Médico Veterinário","https://www.pciconcursos.com.br/provas/download/medico-veterinario-prefeitura-rio-das-anatas-sc-prefeitura-rio-das-anatas-sc-2025","2025","Pref. Rio das Anatas/SC","Pref. Rio das Anatas/SC","Superior","https://www.cdn.pciconcursos.com.br/PROVAS/medico_veterinario_prefeitura_rio_das_anatas_sc_prefeitura_rio_das_anatas_sc_2025.pdf","['https://www.cdn.pciconcursos.com.br/PROVAS/medico_veterinario_prefeitura_rio_das_anatas_sc_prefeitura_rio_das_anatas_sc_2025.pdf']","Nome Simulado Detalhe","Banca Simulado Detalhe"
"https://www.pciconcursos.com.br/provas/download/medico-veterinario-prefeitura-e-camara-de-cerro-grande-rs-fundatec-2025","Médico Veterinário","https://www.pciconcursos.com.br/provas/download/medico-veterinario-prefeitura-e-camara-de-cerro-grande-rs-fundatec-2025","2025","Pref. e Câmara de Cerro Grande/RS","FUNDATEC","Superior","https://www.cdn.pciconcursos.com.br/PROVAS/medico_veterinario_prefeitura_e_camara_de_cerro_grande_rs_fundatec_2025.pdf","['https://www.cdn.pciconcursos.com.br/PROVAS/medico_veterinario_prefeitura_e_camara_de_cerro_grande_rs_fundatec_2025.pdf']","Nome Simulado Detalhe","Banca Simulado Detalhe"
"https://www.pciconcursos.com.br/provas/download/medico-veterinario-prefeitura-afranio-pe-facape-2025","Médico Veterinário","https://www.pciconcursos.com.br/provas/download/medico-veterinario-prefeitura-afranio-pe-facape-2025","2025","Pref. Afrânio/PE","FACAPE","Superior","https://www.cdn.pciconcursos.com.br/PROVAS/medico_veterinario_prefeitura_afranio_pe_facape_2025.pdf","['https://www.cdn.pciconcursos.com.br/PROVAS/medico_veterinario_prefeitura_afranio_pe_facape_2025.pdf']","Nome Simulado Detalhe","Banca Simulado Detalhe"
"https://www.pciconcursos.com.br/provas/download/medico-veterinario-prefeitura-joao-alfredo-pe-adm-tec-2025","Médico Veterinário","https://www.pciconcursos.com.br/provas/download/medico-veterinario-prefeitura-joao-alfredo-pe-adm-tec-2025","2025","Pref. João Alfredo/PE","ADM&TEC","Superior","https://www.cdn.pciconcursos.com.br/PROVAS/medico_veterinario_prefeitura_joao_alfredo_pe_adm_tec_2025.pdf","['https://www.cdn.pciconcursos.com.br/PROVAS/medico_veterinario_prefeitura_joao_alfredo_pe_adm_tec_2025.pdf']","Nome Simulado Detalhe","Banca Simulado Detalhe"
"https://www.pciconcursos.com.br/provas/download/medico-veterinario-prefeitura-bombinhas-sc-prefeitura-bombinhas-sc-2025","Médico Veterinário","https://www.pciconcursos.com.br/provas/download/medico-veterinario-prefeitura-bombinhas-sc-prefeitura-bombinhas-sc-2025","2025","Pref. Bombinhas/SC","Pref. Bombinhas/SC","Superior","https://www.cdn.pciconcursos.com.br/PROVAS/medico_veterinario_prefeitura_bombinhas_sc_prefeitura_bombinhas_sc_2025.pdf","['https://www.cdn.pciconcursos.com.br/PROVAS/medico_veterinario_prefeitura_bombinhas_sc_prefeitura_bombinhas_sc_2025.pdf']","Nome Simulado Detalhe","Banca Simulado Detalhe"
"https://www.pciconcursos.com.br/provas/download/medico-veterinario-prefeitura-sertaozinho-sp-vunesp-2025","Médico Veterinário","https://www.pciconcursos.com.br/provas/download/medico-veterinario-prefeitura-sertaozinho-sp-vunesp-2025","2025","Pref. Sertãozinho/SP","VUNESP","Superior","https://www.cdn.pciconcursos.com.br/PROVAS/medico_veterinario_prefeitura_sertaozinho_sp_vunesp_2025.pdf","['https://www.cdn.pciconcursos.com.br/PROVAS/medico_veterinario_prefeitura_sertaozinho_sp_vunesp_2025.pdf']","Nome Simulado Detalhe","Banca Simulado Detalhe"
"https://www.pciconcursos.com.br/provas/download/medico-veterinario-prefeitura-sertaozinho-sp-vunesp-2025-42","Médico Veterinário","https://www.pciconcursos.com.br/provas/download/medico-veterinario-prefeitura-sertaozinho-sp-vunesp-2025-42","2025","Pref. Sertãozinho/SP","VUNESP","Superior","https://www.cdn.pciconcursos.com.br/PROVAS/medico_veterinario_prefeitura_sertaozinho_sp_vunesp_2025_42.pdf","['https://www.cdn.pciconcursos.com.br/PROVAS/medico_veterinario_prefeitura_sertaozinho_sp_vunesp_2025_42.pdf']","Nome Simulado Detalhe","Banca Simulado Detalhe"
"https://www.pciconcursos.com.br/provas/download/medico-veterinario-prefeitura-campinas-sp-vunesp-2025","Médico Veterinário","https://www.pciconcursos.com.br/provas/download/medico-veterinario-prefeitura-campinas-sp-vunesp-2025","2025","Pref. Campinas/SP","VUNESP","Superior","https://www.cdn.pciconcursos.com.br/PROVAS/medico_veterinario_prefeitura_campinas_sp_vunesp_2025.pdf","['https://www.cdn.pciconcursos.com.br/PROVAS/medico_veterinario_prefeitura_campinas_sp_vunesp_2025.pdf']","Nome Simulado Detalhe","Banca Simulado Detalhe"
"https://www.pciconcursos.com.br/provas/download/medico-veterinario-prefeitura-careacu-mg-maranatha-2025","Médico Veterinário","https://www.pciconcursos.com.br/provas/download/medico-veterinario-prefeitura-careacu-mg-maranatha-2025","2025","Pref. Careaçu/MG","MARANATHA","Superior","https://www.cdn.pciconcursos.com.br/PROVAS/medico_veterinario_prefeitura_careacu_mg_maranatha_2025.pdf","['https://www.cdn.pciconcursos.com.br/PROVAS/medico_veterinario_prefeitura_careacu_mg_maranatha_2025.pdf']","Nome Simulado Detalhe","Banca Simulado Detalhe"
"https://www.pciconcursos.com.br/provas/download/medico-veterinario-unitau-avanca-sp-2025","Médico Veterinário","https://www.pciconcursos.com.br/provas/download/medico-veterinario-unitau-avanca-sp-2025","2025","UNITAU","Avança SP","Superior","https://www.cdn.pciconcursos.com.br/PROVAS/medico_veterinario_unitau_avanca_sp_2025.pdf","['https://www.cdn.pciconcursos.com.br/PROVAS/medico_veterinario_unitau_avanca_sp_2025.pdf']","Nome Simulado Detalhe","Banca Simulado Detalhe"
"https://www.pciconcursos.com.br/provas/download/medico-veterinario-prefeitura-sinop-mt-selecon-2025","Médico Veterinário","https://www.pciconcursos.com.br/provas/download/medico-veterinario-prefeitura-sinop-mt-selecon-2025","2025","Pref. Sinop/MT","SELECON","Superior","https://www.cdn.pciconcursos.com.br/PROVAS/medico_veterinario_prefeitura_sinop_mt_selecon_2025.pdf","['https://www.cdn.pciconcursos.com.br/PROVAS/medico_veterinario_prefeitura_sinop_mt_selecon_2025.pdf']","Nome Simulado Detalhe","Banca Simulado Detalhe"
"https://www.pciconcursos.com.br/provas/download/medico-veterinario-prefeitura-rio-negro-pr-objetiva-concursos-2025","Médico Veterinário","https://www.pciconcursos.com.br/provas/download/medico-veterinario-prefeitura-rio-negro-pr-objetiva-concursos-2025","2025","Pref. Rio Negro/PR","OBJETIVA CONCURSOS","Superior","https://www.cdn.pciconcursos.com.br/PROVAS/medico_veterinario_prefeitura_rio_negro_pr_objetiva_concursos_2025.pdf","['https://www.cdn.pciconcursos.com.br/PROVAS/medico_veterinario_prefeitura_rio_negro_pr_objetiva_concursos_2025.pdf']","Nome Simulado Detalhe","Banca Simulado Detalhe"
"https://www.pciconcursos.com.br/provas/download/medico-veterinario-prefeitura-cariacica-es-idesg-2025","Médico Veterinário","https://www.pciconcursos.com.br/provas/download/medico-veterinario-prefeitura-cariacica-es-idesg-2025","2025","Pref. Cariacica/ES","IDESG","Superior","https://www.cdn.pciconcursos.com.br/PROVAS/medico_veterinario_prefeitura_cariacica_es_idesg_2025.pdf","['https://www.cdn.pciconcursos.com.br/PROVAS/medico_veterinario_prefeitura_cariacica_es_idesg_2025.pdf']","Nome Simulado Detalhe","Banca Simulado Detalhe"
"https://www.pciconcursos.com.br/provas/download/medico-veterinario-prefeitura-planalto-alegre-sc-fenix-2025","Médico Veterinário","https://www.pciconcursos.com.br/provas/download/medico-veterinario-prefeitura-planalto-alegre-sc-fenix-2025","2025","Pref. Planalto Alegre/SC","Fenix","Superior","https://www.cdn.pciconcursos.com.br/PROVAS/medico_veterinario_prefeitura_planalto_alegre_sc_fenix_2025.pdf","['https://www.cdn.pciconcursos.com.br/PROVAS/medico_veterinario_prefeitura_planalto_alegre_sc_fenix_2025.pdf']","Nome Simulado Detalhe","Banca Simulado Detalhe"
"https://www.pciconcursos.com.br/provas/download/medico-veterinario-prefeitura-tangara-da-serra-mt-fundatec-2025","Médico Veterinário","https://www.pciconcursos.com.br/provas/download/medico-veterinario-prefeitura-tangara-da-serra-mt-fundatec-2025","2025","Pref. Tangará da Serra/MT","FUNDATEC","Superior","https://www.cdn.pciconcursos.com.br/PROVAS/medico_veterinario_prefeitura_tangara_da_serra_mt_fundatec_2025.pdf","['https://www.cdn.pciconcursos.com.br/PROVAS/medico_veterinario_prefeitura_tangara_da_serra_mt_fundatec_2025.pdf']","Nome Simulado Detalhe","Banca Simulado Detalhe"
"https://www.pciconcursos.com.br/provas/download/medico-veterinario-prefeitura-jabora-sc-amauc-2025","Médico Veterinário","https://www.pciconcursos.com.br/provas/download/medico-veterinario-prefeitura-jabora-sc-amauc-2025","2025","Pref. Jaborá/SC","AMAUC","Superior","https://www.cdn.pciconcursos.com.br/PROVAS/medico_veterinario_prefeitura_jabora_sc_amauc_2025.pdf","['https://www.cdn.pciconcursos.com.br/PROVAS/medico_veterinario_prefeitura_jabora_sc_amauc_2025.pdf']","Nome Simulado Detalhe","Banca Simulado Detalhe"
"https://www.pciconcursos.com.br/provas/download/medico-veterinario-prefeitura-canaa-dos-carajas-pa-fgv-2025","Médico Veterinário","https://www.pciconcursos.com.br/provas/download/medico-veterinario-prefeitura-canaa-dos-carajas-pa-fgv-2025","2025","Pref. Canaã dos Carajás/PA","FGV","Superior","https://www.cdn.pciconcursos.com.br/PROVAS/medico_veterinario_prefeitura_canaa_dos_carajas_pa_fgv_2025.pdf","['https://www.cdn.pciconcursos.com.br/PROVAS/medico_veterinario_prefeitura_canaa_dos_carajas_pa_fgv_2025.pdf']","Nome Simulado Detalhe","Banca Simulado Detalhe"
"https://www.pciconcursos.com.br/provas/download/medico-veterinario-prefeitura-arvorezinha-rs-objetiva-concursos-2025","Médico Veterinário","https://www.pciconcursos.com.br/provas/download/medico-veterinario-prefeitura-arvorezinha-rs-objetiva-concursos-2025","2025","Pref. Arvorezinha/RS","OBJETIVA CONCURSOS","Superior","https://www.cdn.pciconcursos.com.br/PROVAS/medico_veterinario_prefeitura_arvorezinha_rs_objetiva_concursos_2025.pdf","['https://www.cdn.pciconcursos.com.br/PROVAS/medico_veterinario_prefeitura_arvorezinha_rs_objetiva_concursos_2025.pdf']","Nome Simulado Detalhe","Banca Simulado Detalhe"
"https://www.pciconcursos.com.br/provas/download/medico-veterinario-prefeitura-rio-do-oeste-sc-objetiva-concursos-2025","Médico Veterinário","https://www.pciconcursos.com.br/provas/download/medico-veterinario-prefeitura-rio-do-oeste-sc-objetiva-concursos-2025","2025","Pref. Rio do Oeste/SC","OBJETIVA CONCURSOS","Superior","https://www.cdn.pciconcursos.com.br/PROVAS/medico_veterinario_prefeitura_rio_do_oeste_sc_objetiva_concursos_2025.pdf","['https://www.cdn.pciconcursos.com.br/PROVAS/medico_veterinario_prefeitura_rio_do_oeste_sc_objetiva_concursos_2025.pdf']","Nome Simulado Detalhe","Banca Simulado Detalhe"
"https://www.pciconcursos.com.br/provas/download/medico-veterinario-prefeitura-marau-rs-fundatec-2025","Médico Veterinário","https://www.pciconcursos.com.br/provas/download/medico-veterinario-prefeitura-marau-rs-fundatec-2025","2025","Pref. Marau/RS","FUNDATEC","Superior","https://www.cdn.pciconcursos.com.br/PROVAS/medico_veterinario_prefeitura_marau_rs_fundatec_2025.pdf","['https://www.cdn.pciconcursos.com.br/PROVAS/medico_veterinario_prefeitura_marau_rs_fundatec_2025.pdf']","Nome Simulado Detalhe","Banca Simulado Detalhe"
"https://www.pciconcursos.com.br/provas/download/medico-veterinario-prefeitura-nazarezinho-pb-cpcon-2025","Médico Veterinário","https://www.pciconcursos.com.br/provas/download/medico-veterinario-prefeitura-nazarezinho-pb-cpcon-2025","2025","Pref. Nazarezinho/PB","CPCON","Superior","https://www.cdn.pciconcursos.com.br/PROVAS/medico_veterinario_prefeitura_nazarezinho_pb_cpcon_2025.pdf","['https://www.cdn.pciconcursos.com.br/PROVAS/medico_veterinario_prefeitura_nazarezinho_pb_cpcon_2025.pdf']","Nome Simulado Detalhe","Banca Simulado Detalhe"
"https://www.pciconcursos.com.br/provas/download/medico-veterinario-prefeitura-nobres-mt-ufmt-2025","Médico Veterinário","https://www.pciconcursos.com.br/provas/download/medico-veterinario-prefeitura-nobres-mt-ufmt-2025","2025","Pref. Nobres/MT","UFMT","Superior","https://www.cdn.pciconcursos.com.br/PROVAS/medico_veterinario_prefeitura_nobres_mt_ufmt_2025.pdf","['https://www.cdn.pciconcursos.com.br/PROVAS/medico_veterinario_prefeitura_nobres_mt_ufmt_2025.pdf']","Nome Simulado Detalhe","Banca Simulado Detalhe"
"https://www.pciconcursos.com.br/provas/download/medico-veterinario-prefeitura-pedro-velho-rn-facet-2025","Médico Veterinário","https://www.pciconcursos.com.br/provas/download/medico-veterinario-prefeitura-pedro-velho-rn-facet-2025","2025","Pref. Pedro Velho/RN","FACET","Superior","https://www.cdn.pciconcursos.com.br/PROVAS/medico_veterinario_prefeitura_pedro_velho_rn_facet_2025.pdf","['https://www.cdn.pciconcursos.com.br/PROVAS/medico_veterinario_prefeitura_pedro_velho_rn_facet_2025.pdf']","Nome Simulado Detalhe","Banca Simulado Detalhe"
"https://www.pciconcursos.com.br/provas/download/medico-veterinario-prefeitura-guarulhos-sp-ibam-2025","Médico Veterinário","https://www.pciconcursos.com.br/provas/download/medico-veterinario-prefeitura-guarulhos-sp-ibam-2025","2025","Pref. Guarulhos/SP","IBAM","Superior","https://www.cdn.pciconcursos.com.br/PROVAS/medico_veterinario_prefeitura_guarulhos_sp_ibam_2025.pdf","['https://www.cdn.pciconcursos.com.br/PROVAS/medico_veterinario_prefeitura_guarulhos_sp_ibam_2025.pdf']","Nome Simulado Detalhe","Banca Simulado Detalhe"
"https://www.pciconcursos.com.br/provas/download/medico-veterinario-prefeitura-aratiba-rs-fundatec-2025","Médico Veterinário","https://www.pciconcursos.com.br/provas/download/medico-veterinario-prefeitura-aratiba-rs-fundatec-2025","2025","Pref. Aratiba/RS","FUNDATEC","Superior","https://www.cdn.pciconcursos.com.br/PROVAS/medico_veterinario_prefeitura_aratiba_rs_fundatec_2025.pdf","['https://www.cdn.pciconcursos.com.br/PROVAS/medico_veterinario_prefeitura_aratiba_rs_fundatec_2025.pdf']","Nome Simulado Detalhe","Banca Simulado Detalhe"
"https://www.pciconcursos.com.br/provas/download/medico-veterinario-prefeitura-guabiruba-sc-furb-2024","Médico Veterinário","https://www.pciconcursos.com.br/provas/download/medico-veterinario-prefeitura-guabiruba-sc-furb-2024","2024","Pref. Guabiruba/SC","FURB","Superior","https://www.cdn.pciconcursos.com.br/PROVAS/medico_veterinario_prefeitura_guabiruba_sc_furb_2024.pdf","['https://www.cdn.pciconcursos.com.br/PROVAS/medico_veterinario_prefeitura_guabiruba_sc_furb_2024.pdf']","Nome Simulado Detalhe","Banca Simulado Detalhe"
"https://www.pciconcursos.com.br/provas/download/medico-veterinario-prefeitura-santo-amaro-do-maranhao-ma-funatec-2024","Médico Veterinário","https://www.pciconcursos.com.br/provas/download/medico-veterinario-prefeitura-santo-amaro-do-maranhao-ma-funatec-2024","2024","Pref. Santo Amaro do Maranhão/MA","FUNATEC","Superior","https://www.cdn.pciconcursos.com.br/PROVAS/medico_veterinario_prefeitura_santo_amaro_do_maranhao_ma_funatec_2024.pdf","['https://www.cdn.pciconcursos.com.br/PROVAS/medico_veterinario_prefeitura_santo_amaro_do_maranhao_ma_funatec_2024.pdf']","Nome Simulado Detalhe","Banca Simulado Detalhe"
"https://www.pciconcursos.com.br/provas/download/medico-veterinario-prefeitura-palmas-to-uft-copese-2024-60","Médico Veterinário","https://www.pciconcursos.com.br/provas/download/medico-veterinario-prefeitura-palmas-to-uft-copese-2024-60","2024","Pref. Palmas/TO","UFT/COPESE","Superior","https://www.cdn.pciconcursos.com.br/PROVAS/medico_veterinario_prefeitura_palmas_to_uft_copese_2024_60.pdf","['https://www.cdn.pciconcursos.com.br/PROVAS/medico_veterinario_prefeitura_palmas_to_uft_copese_2024_60.pdf']","Nome Simulado Detalhe","Banca Simulado Detalhe"
"https://www.pciconcursos.com.br/provas/download/medico-veterinario-prefeitura-cacador-sc-fepese-2024","Médico Veterinário","https://www.pciconcursos.com.br/provas/download/medico-veterinario-prefeitura-cacador-sc-fepese-2024","2024","Pref. Caçador/SC","FEPESE","Superior","https://www.cdn.pciconcursos.com.br/PROVAS/medico_veterinario_prefeitura_cacador_sc_fepese_2024.pdf","['https://www.cdn.pciconcursos.com.br/PROVAS/medico_veterinario_prefeitura_cacador_sc_fepese_2024.pdf']","Nome Simulado Detalhe","Banca Simulado Detalhe"
"https://www.pciconcursos.com.br/provas/download/medico-veterinario-prefeitura-igarape-miri-pa-fadesp-2024","Médico Veterinário","https://www.pciconcursos.com.br/provas/download/medico-veterinario-prefeitura-igarape-miri-pa-fadesp-2024","2024","Pref. Igarapé-Miri/PA","FADESP","Superior","https://www.cdn.pciconcursos.com.br/PROVAS/medico_veterinario_prefeitura_igarape_miri_pa_fadesp_2024.pdf","['https://www.cdn.pciconcursos.com.br/PROVAS/medico_veterinario_prefeitura_igarape_miri_pa_fadesp_2024.pdf']","Nome Simulado Detalhe","Banca Simulado Detalhe"
"https://www.pciconcursos.com.br/provas/download/medico-veterinario-amcevale-funcern-2024","Médico Veterinário","https://www.pciconcursos.com.br/provas/download/medico-veterinario-amcevale-funcern-2024","2024","AMCEVALE","FUNCERN","Superior","https://www.cdn.pciconcursos.com.br/PROVAS/medico_veterinario_amcevale_funcern_2024.pdf","['https://www.cdn.pciconcursos.com.br/PROVAS/medico_veterinario_amcevale_funcern_2024.pdf']","Nome Simulado Detalhe","Banca Simulado Detalhe"
"https://www.pciconcursos.com.br/provas/download/medico-veterinario-prefeitura-lindoia-do-sul-sc-amauc-2024","Médico Veterinário","https://www.pciconcursos.com.br/provas/download/medico-veterinario-prefeitura-lindoia-do-sul-sc-amauc-2024","2024","Pref. Lindóia do Sul/SC","AMAUC","Superior","https://www.cdn.pciconcursos.com.br/PROVAS/medico_veterinario_prefeitura_lindoia_do_sul_sc_amauc_2024.pdf","['https://www.cdn.pciconcursos.com.br/PROVAS/medico_veterinario_prefeitura_lindoia_do_sul_sc_amauc_2024.pdf']","Nome Simulado Detalhe","Banca Simulado Detalhe"
"https://www.pciconcursos.com.br/provas/download/medico-veterinario-prefeitura-palma-sola-sc-ameosc-2024","Médico Veterinário","https://www.pciconcursos.com.br/provas/download/medico-veterinario-prefeitura-palma-sola-sc-ameosc-2024","2024","Pref. Palma Sola/SC","AMEOSC","Superior","https://www.cdn.pciconcursos.com.br/PROVAS/medico_veterinario_prefeitura_palma_sola_sc_ameosc_2024.pdf","['https://www.cdn.pciconcursos.com.br/PROVAS/medico_veterinario_prefeitura_palma_sola_sc_ameosc_2024.pdf']","Nome Simulado Detalhe","Banca Simulado Detalhe"
"https://www.pciconcursos.com.br/provas/download/medico-veterinario-prefeitura-prudentopolis-pr-fau-unicentro-2024","Médico Veterinário","https://www.pciconcursos.com.br/provas/download/medico-veterinario-prefeitura-prudentopolis-pr-fau-unicentro-2024","2024","Pref.Prudentópolis/PR","FAU - UNICENTRO","Superior","https://www.cdn.pciconcursos.com.br/PROVAS/medico_veterinario_prefeitura_prudentopolis_pr_fau_unicentro_2024.pdf","['https://www.cdn.pciconcursos.com.br/PROVAS/medico_veterinario_prefeitura_prudentopolis_pr_fau_unicentro_2024.pdf']","Nome Simulado Detalhe","Banca Simulado Detalhe"
"https://www.pciconcursos.com.br/provas/download/medico-veterinario-prefeitura-pouso-alegre-mg-instituto-consulplan-2024","Médico Veterinário","https://www.pciconcursos.com.br/provas/download/medico-veterinario-prefeitura-pouso-alegre-mg-instituto-consulplan-2024","2024","Pref. Pouso Alegre/MG","INSTITUTO CONSULPLAN","Superior","https://www.cdn.pciconcursos.com.br/PROVAS/medico_veterinario_prefeitura_pouso_alegre_mg_instituto_consulplan_2024.pdf","['https://www.cdn.pciconcursos.com.br/PROVAS/medico_veterinario_prefeitura_pouso_alegre_mg_instituto_consulplan_2024.pdf']","Nome Simulado Detalhe","Banca Simulado Detalhe"
"https://www.pciconcursos.com.br/provas/download/medico-veterinario-fagifor-ibfc-2024","Médico Veterinário","https://www.pciconcursos.com.br/provas/download/medico-veterinario-fagifor-ibfc-2024","2024","FAGIFOR","IBFC","Superior","https://www.cdn.pciconcursos.com.br/PROVAS/medico_veterinario_fagifor_ibfc_2024.pdf","['https://www.cdn.pciconcursos.com.br/PROVAS/medico_veterinario_fagifor_ibfc_2024.pdf']","Nome Simulado Detalhe","Banca Simulado Detalhe"
"https://www.pciconcursos.com.br/provas/download/medico-veterinario-prefeitura-buriti-alegre-go-instituto-verbena-ufg-2024","Médico Veterinário","https://www.pciconcursos.com.br/provas/download/medico-veterinario-prefeitura-buriti-alegre-go-instituto-verbena-ufg-2024","2024","Pref. Buriti Alegre/GO","Instituto Verbena UFG","Superior","https://www.cdn.pciconcursos.com.br/PROVAS/medico_veterinario_prefeitura_buriti_alegre_go_instituto_verbena_ufg_2024.pdf","['https://www.cdn.pciconcursos.com.br/PROVAS/medico_veterinario_prefeitura_buriti_alegre_go_instituto_verbena_ufg_2024.pdf']","Nome Simulado Detalhe","Banca Simulado Detalhe"
"https://www.pciconcursos.com.br/provas/download/medico-veterinario-prefeitura-bandeirantes-pr-instituto-unifil-2024","Médico Veterinário","https://www.pciconcursos.com.br/provas/download/medico-veterinario-prefeitura-bandeirantes-pr-instituto-unifil-2024","2024","Pref. Bandeirantes/PR","Instituto UniFil","Superior","https://www.cdn.pciconcursos.com.br/PROVAS/medico_veterinario_prefeitura_bandeirantes_pr_instituto_unifil_2024.pdf","['https://www.cdn.pciconcursos.com.br/PROVAS/medico_veterinario_prefeitura_bandeirantes_pr_instituto_unifil_2024.pdf']","Nome Simulado Detalhe","Banca Simulado Detalhe"
"https://www.pciconcursos.com.br/provas/download/medico-veterinario-prefeitura-caraguatatuba-sp-fgv-2024","Médico Veterinário","https://www.pciconcursos.com.br/provas/download/medico-veterinario-prefeitura-caraguatatuba-sp-fgv-2024","2024","Pref. Caraguatatuba/SP","FGV","Superior","https://www.cdn.pciconcursos.com.br/PROVAS/medico_veterinario_prefeitura_caraguatatuba_sp_fgv_2024.pdf","['https://www.cdn.pciconcursos.com.br/PROVAS/medico_veterinario_prefeitura_caraguatatuba_sp_fgv_2024.pdf']","Nome Simulado Detalhe","Banca Simulado Detalhe"
"https://www.pciconcursos.com.br/provas/download/medico-veterinario-prefeitura-e-camaras-do-serido-rn-funcern-2024","Médico Veterinário","https://www.pciconcursos.com.br/provas/download/medico-veterinario-prefeitura-e-camaras-do-serido-rn-funcern-2024","2024","Pref. e Câmaras do Seridó/RN","FUNCERN","Superior","https://www.cdn.pciconcursos.com.br/PROVAS/medico_veterinario_prefeitura_e_camaras_do_serido_rn_funcern_2024.pdf","['https://www.cdn.pciconcursos.com.br/PROVAS/medico_veterinario_prefeitura_e_camaras_do_serido_rn_funcern_2024.pdf']","Nome Simulado Detalhe","Banca Simulado Detalhe"
"https://www.pciconcursos.com.br/provas/download/medico-veterinario-prefeitura-juscimeira-mt-gama-2024","Médico Veterinário","https://www.pciconcursos.com.br/provas/download/medico-veterinario-prefeitura-juscimeira-mt-gama-2024","2024","Pref. Juscimeira/MT","GAMA","Superior","https://www.cdn.pciconcursos.com.br/PROVAS/medico_veterinario_prefeitura_juscimeira_mt_gama_2024.pdf","['https://www.cdn.pciconcursos.com.br/PROVAS/medico_veterinario_prefeitura_juscimeira_mt_gama_2024.pdf']","Nome Simulado Detalhe","Banca Simulado Detalhe"
"https://www.pciconcursos.com.br/provas/download/medico-veterinario-prefeitura-luiz-antonio-sp-abcp-2024","Médico Veterinário","https://www.pciconcursos.com.br/provas/download/medico-veterinario-prefeitura-luiz-antonio-sp-abcp-2024","2024","Pref. Luiz Antônio/SP","ABCP","Superior","https://www.cdn.pciconcursos.com.br/PROVAS/medico_veterinario_prefeitura_luiz_antonio_sp_abcp_2024.pdf","['https://www.cdn.pciconcursos.com.br/PROVAS/medico_veterinario_prefeitura_luiz_antonio_sp_abcp_2024.pdf']","Nome Simulado Detalhe","Banca Simulado Detalhe"
"https://www.pciconcursos.com.br/provas/download/medico-veterinario-prefeitura-pato-bragado-rs-objetiva-concursos-2024","Médico Veterinário","https://www.pciconcursos.com.br/provas/download/medico-veterinario-prefeitura-pato-bragado-rs-objetiva-concursos-2024","2024","Pref. Pato Bragado/RS","OBJETIVA CONCURSOS","Superior","https://www.cdn.pciconcursos.com.br/PROVAS/medico_veterinario_prefeitura_pato_bragado_rs_objetiva_concursos_2024.pdf","['https://www.cdn.pciconcursos.com.br/PROVAS/medico_veterinario_prefeitura_pato_bragado_rs_objetiva_concursos_2024.pdf']","Nome Simulado Detalhe","Banca Simulado Detalhe"
"https://www.pciconcursos.com.br/provas/download/medico-veterinario-prefeitura-curuca-pa-ivin-2024","Médico Veterinário","https://www.pciconcursos.com.br/provas/download/medico-veterinario-prefeitura-curuca-pa-ivin-2024","2024","Pref. Curuçá/PA","IVIN","Superior","https://www.cdn.pciconcursos.com.br/PROVAS/medico_veterinario_prefeitura_curuca_pa_ivin_2024.pdf","['https://www.cdn.pciconcursos.com.br/PROVAS/medico_veterinario_prefeitura_curuca_pa_ivin_2024.pdf']","Nome Simulado Detalhe","Banca Simulado Detalhe"
"https://www.pciconcursos.com.br/provas/download/medico-veterinario-prefeitura-santa-adelia-sp-ipefae-2024","Médico Veterinário","https://www.pciconcursos.com.br/provas/download/medico-veterinario-prefeitura-santa-adelia-sp-ipefae-2024","2024","Pref. Santa Adélia/SP","IPEFAE","Médio","https://www.cdn.pciconcursos.com.br/PROVAS/medico_veterinario_prefeitura_santa_adelia_sp_ipefae_2024.pdf","['https://www.cdn.pciconcursos.com.br/PROVAS/medico_veterinario_prefeitura_santa_adelia_sp_ipefae_2024.pdf']","Nome Simulado Detalhe","Banca Simulado Detalhe"
"https://www.pciconcursos.com.br/provas/download/medico-veterinario-prefeitura-pires-ferreira-ce-cetrede-2024","Médico Veterinário","https://www.pciconcursos.com.br/provas/download/medico-veterinario-prefeitura-pires-ferreira-ce-cetrede-2024","2024","Pref. Pires Ferreira/CE","CETREDE","Superior","https://www.cdn.pciconcursos.com.br/PROVAS/medico_veterinario_prefeitura_pires_ferreira_ce_cetrede_2024.pdf","['https://www.cdn.pciconcursos.com.br/PROVAS/medico_veterinario_prefeitura_pires_ferreira_ce_cetrede_2024.pdf']","Nome Simulado Detalhe","Banca Simulado Detalhe"
"https://www.pciconcursos.com.br/provas/download/medico-veterinario-prefeitura-jari-rs-fundatec-2024","Médico Veterinário","https://www.pciconcursos.com.br/provas/download/medico-veterinario-prefeitura-jari-rs-fundatec-2024","2024","Pref. Jari/RS","FUNDATEC","Superior","https://www.cdn.pciconcursos.com.br/PROVAS/medico_veterinario_prefeitura_jari_rs_fundatec_2024.pdf","['https://www.cdn.pciconcursos.com.br/PROVAS/medico_veterinario_prefeitura_jari_rs_fundatec_2024.pdf']","Nome Simulado Detalhe","Banca Simulado Detalhe"
"https://www.pciconcursos.com.br/provas/download/medico-veterinario-prefeitura-canarana-mt-policon-2024","Médico Veterinário","https://www.pciconcursos.com.br/provas/download/medico-veterinario-prefeitura-canarana-mt-policon-2024","2024","Pref. Canarana/MT","POLICON","Superior","https://www.cdn.pciconcursos.com.br/PROVAS/medico_veterinario_prefeitura_canarana_mt_policon_2024.pdf","['https://www.cdn.pciconcursos.com.br/PROVAS/medico_veterinario_prefeitura_canarana_mt_policon_2024.pdf']","Nome Simulado Detalhe","Banca Simulado Detalhe"
"https://www.pciconcursos.com.br/provas/download/medico-veterinario-prefeitura-iomere-sc-fundatec-2024","Médico Veterinário","https://www.pciconcursos.com.br/provas/download/medico-veterinario-prefeitura-iomere-sc-fundatec-2024","2024","Pref. Iomerê/SC","FUNDATEC","Superior","https://www.cdn.pciconcursos.com.br/PROVAS/medico_veterinario_prefeitura_iomere_sc_fundatec_2024.pdf","['https://www.cdn.pciconcursos.com.br/PROVAS/medico_veterinario_prefeitura_iomere_sc_fundatec_2024.pdf']","Nome Simulado Detalhe","Banca Simulado Detalhe"
"https://www.pciconcursos.com.br/provas/download/medico-veterinario-prefeitura-parai-go-fundatec-2024","Médico Veterinário","https://www.pciconcursos.com.br/provas/download/medico-veterinario-prefeitura-parai-go-fundatec-2024","2024","Pref. Paraí/GO","FUNDATEC","Superior","https://www.cdn.pciconcursos.com.br/PROVAS/medico_veterinario_prefeitura_parai_go_fundatec_2024.pdf","['https://www.cdn.pciconcursos.com.br/PROVAS/medico_veterinario_prefeitura_parai_go_fundatec_2024.pdf']","Nome Simulado Detalhe","Banca Simulado Detalhe"
"https://www.pciconcursos.com.br/provas/download/medico-veterinario-prefeitura-nova-venecia-es-idesg-2024","Médico Veterinário","https://www.pciconcursos.com.br/provas/download/medico-veterinario-prefeitura-nova-venecia-es-idesg-2024","2024","Pref. Nova Venécia/ES","IDESG","Superior","https://www.cdn.pciconcursos.com.br/PROVAS/medico_veterinario_prefeitura_nova_venecia_es_idesg_2024.pdf","['https://www.cdn.pciconcursos.com.br/PROVAS/medico_veterinario_prefeitura_nova_venecia_es_idesg_2024.pdf']","Nome Simulado Detalhe","Banca Simulado Detalhe"
"https://www.pciconcursos.com.br/provas/download/medico-veterinario-prefeitura-inhumas-go-instituto-verbena-ufg-2024","Médico Veterinário","https://www.pciconcursos.com.br/provas/download/medico-veterinario-prefeitura-inhumas-go-instituto-verbena-ufg-2024","2024","Pref. Inhumas/GO","Instituto Verbena UFG","Superior","https://www.cdn.pciconcursos.com.br/PROVAS/medico_veterinario_prefeitura_inhumas_go_instituto_verbena_ufg_2024.pdf","['https://www.cdn.pciconcursos.com.br/PROVAS/medico_veterinario_prefeitura_inhumas_go_instituto_verbena_ufg_2024.pdf']","Nome Simulado Detalhe","Banca Simulado Detalhe"
"https://www.pciconcursos.com.br/provas/download/medico-veterinario-prefeitura-lindoia-do-sul-sc-amauc-2024","Médico Veterinário","https://www.pciconcursos.com.br/provas/download/medico-veterinario-prefeitura-lindoia-do-sul-sc-amauc-2024","2024","Pref. Lindóia do Sul/SC","AMAUC","Superior","https://www.cdn.pciconcursos.com.br/PROVAS/medico_veterinario_prefeitura_lindoia_do_sul_sc_amauc_2024.pdf","['https://www.cdn.pciconcursos.com.br/PROVAS/medico_veterinario_prefeitura_lindoia_do_sul_sc_amauc_2024.pdf']","Nome Simulado Detalhe","Banca Simulado Detalhe"
"https://www.pciconcursos.com.br/provas/download/medico-veterinario-prefeitura-palma-sola-sc-ameosc-2024","Médico Veterinário","https://www.pciconcursos.com.br/provas/download/medico-veterinario-prefeitura-palma-sola-sc-ameosc-2024","2024","Pref. Palma Sola/SC","AMEOSC","Superior","https://www.cdn.pciconcursos.com.br/PROVAS/medico_veterinario_prefeitura_palma_sola_sc_ameosc_2024.pdf","['https://www.cdn.pciconcursos.com.br/PROVAS/medico_veterinario_prefeitura_palma_sola_sc_ameosc_2024.pdf']","Nome Simulado Detalhe","Banca Simulado Detalhe"
"https://www.pciconcursos.com.br/provas/download/medico-veterinario-prefeitura-prudentopolis-pr-fau-unicentro-2024","Médico Veterinário","https://www.pciconcursos.com.br/provas/download/medico-veterinario-prefeitura-prudentopolis-pr-fau-unicentro-2024","2024","Pref.Prudentópolis/PR","FAU - UNICENTRO","Superior","https://www.cdn.pciconcursos.com.br/PROVAS/medico_veterinario_prefeitura_prudentopolis_pr_fau_unicentro_2024.pdf","['https://www.cdn.pciconcursos.com.br/PROVAS/medico_veterinario_prefeitura_prudentopolis_pr_fau_unicentro_2024.pdf']","Nome Simulado Detalhe","Banca Simulado Detalhe"
"https://www.pciconcursos.com.br/provas/download/medico-veterinario-amcevale-funcern-2024","Médico Veterinário","https://www.pciconcursos.com.br/provas/download/medico-veterinario-amcevale-funcern-2024","2024","AMCEVALE","FUNCERN","Superior","https://www.cdn.pciconcursos.com.br/PROVAS/medico_veterinario_amcevale_funcern_2024.pdf","['https://www.cdn.pciconcursos.com.br/PROVAS/medico_veterinario_amcevale_funcern_2024.pdf']","Nome Simulado Detalhe","Banca Simulado Detalhe"
"https://www.pciconcursos.com.br/provas/download/medico-veterinario-fagifor-ibfc-2024","Médico Veterinário","https://www.pciconcursos.com.br/provas/download/medico-veterinario-fagifor-ibfc-2024","2024","FAGIFOR","IBFC","Superior","https://www.cdn.pciconcursos.com.br/PROVAS/medico_veterinario_fagifor_ibfc_2024.pdf","['https://www.cdn.pciconcursos.com.br/PROVAS/medico_veterinario_fagifor_ibfc_2024.pdf']","Nome Simulado Detalhe","Banca Simulado Detalhe"
"https://www.pciconcursos.com.br/provas/download/medico-veterinario-prefeitura-buriti-alegre-go-instituto-verbena-ufg-2024","Médico Veterinário","https://www.pciconcursos.com.br/provas/download/medico-veterinario-prefeitura-buriti-alegre-go-instituto-verbena-ufg-2024","2024","Pref. Buriti Alegre/GO","Instituto Verbena UFG","Superior","https://www.cdn.pciconcursos.com.br/PROVAS/medico_veterinario_prefeitura_buriti_alegre_go_instituto_verbena_ufg_2024.pdf","['https://www.cdn.pciconcursos.com.br/PROVAS/medico_veterinario_prefeitura_buriti_alegre_go_instituto_verbena_ufg_2024.pdf']","Nome Simulado Detalhe","Banca Simulado Detalhe"
"https://www.pciconcursos.com.br/provas/download/medico-veterinario-prefeitura-guabiruba-sc-furb-2024","Médico Veterinário","https://www.pciconcursos.com.br/provas/download/medico-veterinario-prefeitura-guabiruba-sc-furb-2024","2024","Pref. Guabiruba/SC","FURB","Superior","https://www.cdn.pciconcursos.com.br/PROVAS/medico_veterinario_prefeitura_guabiruba_sc_furb_2024.pdf","['https://www.cdn.pciconcursos.com.br/PROVAS/medico_veterinario_prefeitura_guabiruba_sc_furb_2024.pdf']","Nome Simulado Detalhe","Banca Simulado Detalhe"
"https://www.pciconcursos.com.br/provas/download/medico-veterinario-prefeitura-igarape-miri-pa-fadesp-2024","Médico Veterinário","https://www.pciconcursos.com.br/provas/download/medico-veterinario-prefeitura-igarape-miri-pa-fadesp-2024","2024","Pref. Igarapé-Miri/PA","FADESP","Superior","https://www.cdn.pciconcursos.com.br/PROVAS/medico_veterinario_prefeitura_igarape_miri_pa_fadesp_2024.pdf","['https://www.cdn.pciconcursos.com.br/PROVAS/medico_veterinario_prefeitura_igarape_miri_pa_fadesp_2024.pdf']","Nome Simulado Detalhe","Banca Simulado Detalhe"
"https://www.pciconcursos.com.br/provas/download/medico-veterinario-prefeitura-cacador-sc-fepese-2024","Médico Veterinário","https://www.pciconcursos.com.br/provas/download/medico-veterinario-prefeitura-cacador-sc-fepese-2024","2024","Pref. Caçador/SC","FEPESE","Superior","https://www.cdn.pciconcursos.com.br/PROVAS/medico_veterinario_prefeitura_cacador_sc_fepese_2024.pdf","['https://www.cdn.pciconcursos.com.br/PROVAS/medico_veterinario_prefeitura_cacador_sc_fepese_2024.pdf']","Nome Simulado Detalhe","Banca Simulado Detalhe"
"https://www.pciconcursos.com.br/provas/download/medico-veterinario-prefeitura-palmas-to-uft-copese-2024-60","Médico Veterinário","https://www.pciconcursos.com.br/provas/download/medico-veterinario-prefeitura-palmas-to-uft-copese-2024-60","2024","Pref. Palmas/TO","UFT/COPESE","Superior","https://www.cdn.pciconcursos.com.br/PROVAS/medico_veterinario_prefeitura_palmas_to_uft_copese_2024_60.pdf","['https://www.cdn.pciconcursos.com.br/PROVAS/medico_veterinario_prefeitura_palmas_to_uft_copese_2024_60.pdf']","Nome Simulado Detalhe","Banca Simulado Detalhe"
"https://www.pciconcursos.com.br/provas/download/medico-veterinario-prefeitura-wenceslau-braz-pr-fau-unicentro-2024","Médico Veterinário","https://www.pciconcursos.com.br/provas/download/medico-veterinario-prefeitura-wenceslau-braz-pr-fau-unicentro-2024","2024","Pref. Wenceslau Braz/PR","FAU - UNICENTRO","Superior","https://www.cdn.pciconcursos.com.br/PROVAS/medico_veterinario_prefeitura_wenceslau_braz_pr_fau_unicentro_2024.pdf","['https://www.cdn.pciconcursos.com.br/PROVAS/medico_veterinario_prefeitura_wenceslau_braz_pr_fau_unicentro_2024.pdf']","Nome Simulado Detalhe","Banca Simulado Detalhe"
"https://www.pciconcursos.com.br/provas/download/medico-veterinario-prefeitura-pouso-alegre-mg-instituto-consulplan-2024","Médico Veterinário","https://www.pciconcursos.com.br/provas/download/medico-veterinario-prefeitura-pouso-alegre-mg-instituto-consulplan-2024","2024","Pref. Pouso Alegre/MG","INSTITUTO CONSULPLAN","Superior","https://www.cdn.pciconcursos.com.br/PROVAS/medico_veterinario_prefeitura_pouso_alegre_mg_instituto_consulplan_2024.pdf","['https://www.cdn.pciconcursos.com.br/PROVAS/medico_veterinario_prefeitura_pouso_alegre_mg_instituto_consulplan_2024.pdf']","Nome Simulado Detalhe","Banca Simulado Detalhe"
"https://www.pciconcursos.com.br/provas/download/medico-veterinario-prefeitura-santa-maria-da-boa-vista-pe-facape-2024","Médico Veterinário","https://www.pciconcursos.com.br/provas/download/medico-veterinario-prefeitura-santa-maria-da-boa-vista-pe-facape-2024","2024","Pref. Santa Maria da Boa Vista/PE","FACAPE","Superior","https://www.cdn.pciconcursos.com.br/PROVAS/medico_veterinario_prefeitura_santa_maria_da_boa_vista_pe_facape_2024.pdf","['https://www.cdn.pciconcursos.com.br/PROVAS/medico_veterinario_prefeitura_santa_maria_da_boa_vista_pe_facape_2024.pdf']","Nome Simulado Detalhe","Banca Simulado Detalhe"
"https://www.pciconcursos.com.br/provas/download/medico-veterinario-ses-mt-fgv-2024","Médico Veterinário","https://www.pciconcursos.com.br/provas/download/medico-veterinario-ses-mt-fgv-2024","2024","SES/MT","FGV","Superior","https://www.cdn.pciconcursos.com.br/PROVAS/medico_veterinario_ses_mt_fgv_2024.pdf","['https://www.cdn.pciconcursos.com.br/PROVAS/medico_veterinario_ses_mt_fgv_2024.pdf']","Nome Simulado Detalhe","Banca Simulado Detalhe"
"https://www.pciconcursos.com.br/provas/download/medico-veterinario-prefeitura-irupi-es-idesg-2024","Médico Veterinário","https://www.pciconcursos.com.br/provas/download/medico-veterinario-prefeitura-irupi-es-idesg-2024","2024","Pref. Irupi/ES","IDESG","Superior","https://www.cdn.pciconcursos.com.br/PROVAS/medico_veterinario_prefeitura_irupi_es_idesg_2024.pdf","['https://www.cdn.pciconcursos.com.br/PROVAS/medico_veterinario_prefeitura_irupi_es_idesg_2024.pdf']","Nome Simulado Detalhe","Banca Simulado Detalhe"
"https://www.pciconcursos.com.br/provas/download/medico-veterinario-prefeitura-arroio-do-sal-rs-fundatec-2024","Médico Veterinário","https://www.pciconcursos.com.br/provas/download/medico-veterinario-prefeitura-arroio-do-sal-rs-fundatec-2024","2024","Pref. Arroio do Sal/RS","FUNDATEC","Superior","https://www.cdn.pciconcursos.com.br/PROVAS/medico_veterinario_prefeitura_arroio_do_sal_rs_fundatec_2024.pdf","['https://www.cdn.pciconcursos.com.br/PROVAS/medico_veterinario_prefeitura_arroio_do_sal_rs_fundatec_2024.pdf']","Nome Simulado Detalhe","Banca Simulado Detalhe"
"https://www.pciconcursos.com.br/provas/download/medico-veterinario-prefeitura-joacaba-sc-funoesc-2024","Médico Veterinário","https://www.pciconcursos.com.br/provas/download/medico-veterinario-prefeitura-joacaba-sc-funoesc-2024","2024","Pref. Joaçaba/SC","FUNOESC","Superior","https://www.cdn.pciconcursos.com.br/PROVAS/medico_veterinario_prefeitura_joacaba_sc_funoesc_2024.pdf","['https://www.cdn.pciconcursos.com.br/PROVAS/medico_veterinario_prefeitura_joacaba_sc_funoesc_2024.pdf']","Nome Simulado Detalhe","Banca Simulado Detalhe"
"https://www.pciconcursos.com.br/provas/download/medico-veterinario-prefeitura-palmas-to-uft-copese-2024","Médico Veterinário","https://www.pciconcursos.com.br/provas/download/medico-veterinario-prefeitura-palmas-to-uft-copese-2024","2024","Pref. Palmas/TO","UFT/COPESE","Superior","https://www.cdn.pciconcursos.com.br/PROVAS/medico_veterinario_prefeitura_palmas_to_uft_copese_2024.pdf","['https://www.cdn.pciconcursos.com.br/PROVAS/medico_veterinario_prefeitura_palmas_to_uft_copese_2024.pdf']","Nome Simulado Detalhe","Banca Simulado Detalhe"
"https://www.pciconcursos.com.br/provas/download/medico-veterinario-prefeitura-cabedelo-pb-educa-2024","Médico Veterinário","https://www.pciconcursos.com.br/provas/download/medico-veterinario-prefeitura-cabedelo-pb-educa-2024","2024","Pref. Cabedelo/PB","EDUCA","Superior","https://www.cdn.pciconcursos.com.br/PROVAS/medico_veterinario_prefeitura_cabedelo_pb_educa_2024.pdf","['https://www.cdn.pciconcursos.com.br/PROVAS/medico_veterinario_prefeitura_cabedelo_pb_educa_2024.pdf']","Nome Simulado Detalhe","Banca Simulado Detalhe"
"https://www.pciconcursos.com.br/provas/download/medico-veterinario-prefeitura-iturama-mg-hl-2024","Médico Veterinário","https://www.pciconcursos.com.br/provas/download/medico-veterinario-prefeitura-iturama-mg-hl-2024","2024","Pref. Iturama/MG","HL","Superior","https://www.cdn.pciconcursos.com.br/PROVAS/medico_veterinario_prefeitura_iturama_mg_hl_2024.pdf","['https://www.cdn.pciconcursos.com.br/PROVAS/medico_veterinario_prefeitura_iturama_mg_hl_2024.pdf']","Nome Simulado Detalhe","Banca Simulado Detalhe"
"https://www.pciconcursos.com.br/provas/download/medico-veterinario-prefeitura-luiz-alves-sc-fenaz-do-para-2024","Médico Veterinário","https://www.pciconcursos.com.br/provas/download/medico-veterinario-prefeitura-luiz-alves-sc-fenaz-do-para-2024","2024","Pref. Luiz Alves/SC","FENAZ DO PARÁ","Superior","https://www.cdn.pciconcursos.com.br/PROVAS/medico_veterinario_prefeitura_luiz_alves_sc_fenaz_do_para_2024.pdf","['https://www.cdn.pciconcursos.com.br/PROVAS/medico_veterinario_prefeitura_luiz_alves_sc_fenaz_do_para_2024.pdf']","Nome Simulado Detalhe","Banca Simulado Detalhe"
"https://www.pciconcursos.com.br/provas/download/medico-veterinario-prefeitura-nova-laranjeiras-pr-fau-unicentro-2024","Médico Veterinário","https://www.pciconcursos.com.br/provas/download/medico-veterinario-prefeitura-nova-laranjeiras-pr-fau-unicentro-2024","2024","Pref. Nova Laranjeiras/PR","FAU - UNICENTRO","Superior","https://www.cdn.pciconcursos.com.br/PROVAS/medico_veterinario_prefeitura_nova_laranjeiras_pr_fau_unicentro_2024.pdf","['https://www.cdn.pciconcursos.com.br/PROVAS/medico_veterinario_prefeitura_nova_laranjeiras_pr_fau_unicentro_2024.pdf']","Nome Simulado Detalhe","Banca Simulado Detalhe"
"https://www.pciconcursos.com.br/provas/download/medico-veterinario-prefeitura-rio-branco-ac-instituto-verbena-2024","Médico veterinário","https://www.pciconcursos.com.br/provas/download/medico-veterinario-prefeitura-rio-branco-ac-instituto-verbena-2024","2024","Pref. Rio Branco/AC","Instituto Verbena","Superior","https://www.cdn.pciconcursos.com.br/PROVAS/medico_veterinario_prefeitura_rio_branco_ac_instituto_verbena_2024.pdf","['https://www.cdn.pciconcursos.com.br/PROVAS/medico_veterinario_prefeitura_rio_branco_ac_instituto_verbena_2024.pdf']","Nome Simulado Detalhe","Banca Simulado Detalhe"
"https://www.pciconcursos.com.br/provas/download/medico-veterinario-prefeitura-santo-amaro-do-maranhao-ma-funatec-2024","Médico Veterinário","https://www.pciconcursos.com.br/provas/download/medico-veterinario-prefeitura-santo-amaro-do-maranhao-ma-funatec-2024","2024","Pref. Santo Amaro do Maranhão/MA","FUNATEC","Superior","https://www.cdn.pciconcursos.com.br/PROVAS/medico_veterinario_prefeitura_santo_amaro_do_maranhao_ma_funatec_2024.pdf","['https://www.cdn.pciconcursos.com.br/PROVAS/medico_veterinario_prefeitura_santo_amaro_do_maranhao_ma_funatec_2024.pdf']","Nome Simulado Detalhe","Banca Simulado Detalhe"
"https://www.pciconcursos.com.br/provas/download/medico-veterinario-prefeitura-guaraciaba-do-norte-ce-consulpam-2024","Médico Veterinário","https://www.pciconcursos.com.br/provas/download/medico-veterinario-prefeitura-guaraciaba-do-norte-ce-consulpam-2024","2024","Pref. Guaraciaba do Norte/CE","CONSULPAM","Superior","https://www.cdn.pciconcursos.com.br/PROVAS/medico_veterinario_prefeitura_guaraciaba_do_norte_ce_consulpam_2024.pdf","['https://www.cdn.pciconcursos.com.br/PROVAS/medico_veterinario_prefeitura_guaraciaba_do_norte_ce_consulpam_2024.pdf']","Nome Simulado Detalhe","Banca Simulado Detalhe"
"https://www.pciconcursos.com.br/provas/download/medico-veterinario-ufmt-ufmt-2024","Médico Veterinário","https://www.pciconcursos.com.br/provas/download/medico-veterinario-ufmt-ufmt-2024","2024","UFMT","UFMT","Superior","https://www.cdn.pciconcursos.com.br/PROVAS/medico_veterinario_ufmt_ufmt_2024.pdf","['https://www.cdn.pciconcursos.com.br/PROVAS/medico_veterinario_ufmt_ufmt_2024.pdf']","Nome Simulado Detalhe","Banca Simulado Detalhe"
"https://www.pciconcursos.com.br/provas/download/medico-veterinario-ciesp-fundep-2024","Médico Veterinário","https://www.pciconcursos.com.br/provas/download/medico-veterinario-ciesp-fundep-2024","2024","CIESP","FUNDEP","Superior","https://www.cdn.pciconcursos.com.br/PROVAS/medico_veterinario_ciesp_fundep_2024.pdf","['https://www.cdn.pciconcursos.com.br/PROVAS/medico_veterinario_ciesp_fundep_2024.pdf']","Nome Simulado Detalhe","Banca Simulado Detalhe"
"https://www.pciconcursos.com.br/provas/download/medico-veterinario-prefeitura-aguas-de-lindoia-sp-avancasp-2024","Médico Veterinário","https://www.pciconcursos.com.br/provas/download/medico-veterinario-prefeitura-aguas-de-lindoia-sp-avancasp-2024","2024","Pref. Águas de Lindoia/SP","AVANÇASP","Superior","https://www.cdn.pciconcursos.com.br/PROVAS/medico_veterinario_prefeitura_aguas_de_lindoia_sp_avancasp_2024.pdf","['https://www.cdn.pciconcursos.com.br/PROVAS/medico_veterinario_prefeitura_aguas_de_lindoia_sp_avancasp_2024.pdf']","Nome Simulado Detalhe","Banca Simulado Detalhe"
"https://www.pciconcursos.com.br/provas/download/medico-veterinario-prefeitura-cavalcante-go-itame-2024","Médico Veterinário","https://www.pciconcursos.com.br/provas/download/medico-veterinario-prefeitura-cavalcante-go-itame-2024","2024","Pref. Cavalcante/GO","ITAME","Superior","https://www.cdn.pciconcursos.com.br/PROVAS/medico_veterinario_prefeitura_cavalcante_go_itame_2024.pdf","['https://www.cdn.pciconcursos.com.br/PROVAS/medico_veterinario_prefeitura_cavalcante_go_itame_2024.pdf']","Nome Simulado Detalhe","Banca Simulado Detalhe"
"https://www.pciconcursos.com.br/provas/download/medico-veterinario-prefeitura-conceicao-do-caninde-pi-ivin-2024","Médico Veterinário","https://www.pciconcursos.com.br/provas/download/medico-veterinario-prefeitura-conceicao-do-caninde-pi-ivin-2024","2024","Pref. Conceição do Canindé/PI","IVIN","Superior","https://www.cdn.pciconcursos.com.br/PROVAS/medico_veterinario_prefeitura_conceicao_do_caninde_pi_ivin_2024.pdf","['https://www.cdn.pciconcursos.com.br/PROVAS/medico_veterinario_prefeitura_conceicao_do_caninde_pi_ivin_2024.pdf']","Nome Simulado Detalhe","Banca Simulado Detalhe"
"https://www.pciconcursos.com.br/provas/download/medico-veterinario-prefeitura-rondinha-rs-fundatec-2024","Médico Veterinário","https://www.pciconcursos.com.br/provas/download/medico-veterinario-prefeitura-rondinha-rs-fundatec-2024","2024","Pref. Rondinha/RS","FUNDATEC","Superior","https://www.cdn.pciconcursos.com.br/PROVAS/medico_veterinario_prefeitura_rondinha_rs_fundatec_2024.pdf","['https://www.cdn.pciconcursos.com.br/PROVAS/medico_veterinario_prefeitura_rondinha_rs_fundatec_2024.pdf']","Nome Simulado Detalhe","Banca Simulado Detalhe"
"https://www.pciconcursos.com.br/provas/download/medico-veterinario-prefeitura-alhandra-pb-educa-2024","Médico Veterinário","https://www.pciconcursos.com.br/provas/download/medico-veterinario-prefeitura-alhandra-pb-educa-2024","2024","Pref. Alhandra/PB","EDUCA","Superior","https://www.cdn.pciconcursos.com.br/PROVAS/medico_veterinario_prefeitura_alhandra_pb_educa_2024.pdf","['https://www.cdn.pciconcursos.com.br/PROVAS/medico_veterinario_prefeitura_alhandra_pb_educa_2024.pdf']","Nome Simulado Detalhe","Banca Simulado Detalhe"
"https://www.pciconcursos.com.br/provas/download/medico-veterinario-prefeitura-tamboril-do-piaui-pi-inaz-do-para-2024","Médico Veterinário","https://www.pciconcursos.com.br/provas/download/medico-veterinario-prefeitura-tamboril-do-piaui-pi-inaz-do-para-2024","2024","Pref. Tamboril do Piauí/PI","INAZ DO PARÁ","Superior","https://www.cdn.pciconcursos.com.br/PROVAS/medico_veterinario_prefeitura_tamboril_do_piaui_pi_inaz_do_para_2024.pdf","['https://www.cdn.pciconcursos.com.br/PROVAS/medico_veterinario_prefeitura_tamboril_do_piaui_pi_inaz_do_para_2024.pdf']","Nome Simulado Detalhe","Banca Simulado Detalhe"
"https://www.pciconcursos.com.br/provas/download/medico-veterinario-prefeitura-casca-rs-fundatec-2024","Médico Veterinário","https://www.pciconcursos.com.br/provas/download/medico-veterinario-prefeitura-casca-rs-fundatec-2024","2024","Pref. Casca/RS","FUNDATEC","Superior","https://www.cdn.pciconcursos.com.br/PROVAS/medico_veterinario_prefeitura_casca_rs_fundatec_2024.pdf","['https://www.cdn.pciconcursos.com.br/PROVAS/medico_veterinario_prefeitura_casca_rs_fundatec_2024.pdf']","Nome Simulado Detalhe","Banca Simulado Detalhe"
"https://www.pciconcursos.com.br/provas/download/medico-veterinario-ufsm-ufsm-2024","Médico Veterinário","https://www.pciconcursos.com.br/provas/download/medico-veterinario-ufsm-ufsm-2024","2024","UFSM","UFSM","Superior","https://www.cdn.pciconcursos.com.br/PROVAS/medico_veterinario_ufsm_ufsm_2024.pdf","['https://www.cdn.pciconcursos.com.br/PROVAS/medico_veterinario_ufsm_ufsm_2024.pdf']","Nome Simulado Detalhe","Banca Simulado Detalhe"
