"identificador_prova","categoria_concurso","nome_prova_cargo_listagem","url_pagina_detalhes","ano_listagem","orgao_listagem","banca_listagem","nivel_listagem","nome_prova_detalhe","cargo_detalhe","ano_detalhe","órgão_detalhe","instituição_detalhe","nível_detalhe","url_pdf_prova","url_pdf_gabarito","todos_url_pdf_encontrados","texto_gabarito_extraido","gabarito_estruturado"
"https://www.pciconcursos.com.br/provas/download/1-tenente-pm-medico-veterinario-policia-militar-ma-cespe-2017","medico-veterinario","1º Tenente PM - Médico Veterinário","https://www.pciconcursos.com.br/provas/download/1-tenente-pm-medico-veterinario-policia-militar-ma-cespe-2017","2017","Polícia Militar/MA","CESPE","Superior","1º Tenente PM - Médico Veterinário - Polícia Militar/MA","1º Tenente PM - Médico Veterinário","2017","Polícia Militar/MA","CESPE","Superior","https://www.pciconcursos.com.br/provas/26213200/9366c051dce6/1_tenente_pm_medico_veterinario.pdf","https://www.pciconcursos.com.br/provas/26213200/166b1e8be62c/gabarito_preliminar.pdf","['https://www.pciconcursos.com.br/provas/26213200/9366c051dce6/1_tenente_pm_medico_veterinario.pdf', 'https://www.pciconcursos.com.br/provas/26213200/166b1e8be62c/gabarito_preliminar.pdf', 'https://www.pciconcursos.com.br/provas/26213200/9366c051dce/1_tenente_pm_medico_veterinario.pdf', 'https://www.pciconcursos.com.br/provas/26213200/166b1e8be62/gabarito_preliminar.pdf']","pcimarkpci MjgwNDo0ZDk4OjAxNzE6YzkwMDplMWFhOmJiZDU6NzhiZjplYmQz:TW9uLCAwMiBKdW4gMjAyNSAxNzo1ODo1NiAtMDMwMA==
www.pciconcursos.com.br
 ESTADO DO MARANHÃO
 SECRETARIA DE ESTADO DA GESTÃO E PREVIDÊNCIA
 POLÍCIA MILITAR DO MARANHÃO
 CONCURSO PÚBLICO PARA PROVIMENTO DE VAGAS E FORMAÇÃO DE CADASTR O DE RESERVA PARA O
 CARGO DE 1º TENENTE DO QUADRO DE OFICIAIS DE SAÚDE DA POLÍCIA M ILITAR DO MARANHÃO (QOS) E
PARA O CARGO DE SOLDADO DO QUADRO DE PRAÇA POLICIAL
Aplicação: 17/12/2017
1 23456789 1 0 1 1 1 2 1 3 1 4 1 5 1 6 1 7 1 8 1 9 2 0
E CEECCCEECCECE E CC E CC
21 22 23 24 25 26 27 28 29 30 31 32 33 34 35 36 37 38 39 40
C EECEECCECEECC C CC E EC
41 42 43 44 45 46 47 48 49 50 51 52 53 54 55 56 57 58 59 60
E ECCCCEECCEECE E CC E EC
0 0000000000000 0 00 0 00
0 0000000000000 0 00 0 00
0 0000000000000 0 00 0 00
0 0000000000000 0 00 0 00
0 0000000000000 0 00 0 00
0 0000000000000 0 00 0 00
0 0000000000000 0 00 0 00
0 0000000000000 0 00 0 00
0 0000000000000 0 00 0 00
0 0000000000000 0 00 0 00
0 0000000000000 0 00 0 00
0 0000000000000 0 00 0 00
0 0000000000000 0 00 0 00
0 0000000000000 0 00 0 00
0 0000000000000 0 00 0 00
0 0000000000000 0 00 0 00
0 0000000000000 0 00 0 00
0 0000000000000 0 00 0 00
0 0000000000000 0 00 0 00
0 0000000000000 0 00 0 00
0 0000000000000 0 00 0 00GABARITOS OFICIAIS PRELIMINARES0
0359_PMMA_CG2_01
0
Item
GabaritoGabaritoCONHECIMENTOS GERAIS PARA O CARGO DE NÍVEL MÉDIO
Item
Gabarito
Item
www.pciconcursos.com.br
pcimarkpci MjgwNDo0ZDk4OjAxNzE6YzkwMDplMWFhOmJiZDU6NzhiZjplYmQz:TW9uLCAwMiBKdW4gMjAyNSAxNzo1ODo1NiAtMDMwMA==
www.pciconcursos.com.br
 ESTADO DO MARANHÃO
 SECRETARIA DE ESTADO DA GESTÃO E PREVIDÊNCIA
 POLÍCIA MILITAR DO MARANHÃO
 CONCURSO PÚBLICO PARA PROVIMENTO DE VAGAS E FORMAÇÃO DE CADASTR O DE RESERVA PARA O
 CARGO DE 1º TENENTE DO QUADRO DE OFICIAIS DE SAÚDE DA POLÍCIA M ILITAR DO MARANHÃO (QOS) E
PARA O CARGO DE SOLDADO DO QUADRO DE PRAÇA POLICIAL
Aplicação: 17/12/2017
1 23456789 1 0 1 1 1 2 1 3 1 4 1 5 1 6 1 7 1 8 1 9 2 0
E CEECECCECCCCE C CE E CE
21 22 23 24 25 26 27 28 29 30 31 32 33 34 35 36 37 38 39 40
C CCECEECCECCCE C EE E CC
41 42 43 44 45 46 47 48 49 50 51 52 53 54 55 56 57 58 59 60
E CECECCEECECEC E CC E EC
0 0000000000000 0 00 0 00
0 0000000000000 0 00 0 00
0 0000000000000 0 00 0 00
0 0000000000000 0 00 0 00
0 0000000000000 0 00 0 00
0 0000000000000 0 00 0 00
0 0000000000000 0 00 0 00
0 0000000000000 0 00 0 00
0 0000000000000 0 00 0 00
0 0000000000000 0 00 0 00
0 0000000000000 0 00 0 00
0 0000000000000 0 00 0 00
0 0000000000000 0 00 0 00
0 0000000000000 0 00 0 00
0 0000000000000 0 00 0 00
0 0000000000000 0 00 0 00
0 0000000000000 0 00 0 00
0 0000000000000 0 00 0 00
0 0000000000000 0 00 0 00
0 0000000000000 0 00 0 00
0 0000000000000 0 00 0 00
0 0000000000000 0 00 0 00GABARITOS OFICIAIS PRELIMINARES0
0
Item
Gabarito
Item
Gabarito
Item0359_PMMA_CG1_01CONHECIMENTOS GERAIS PARA OS CARGOS DE NÍVEL SUPERIOR
Gabarito
www.pciconcursos.com.br
pcimarkpci MjgwNDo0ZDk4OjAxNzE6YzkwMDplMWFhOmJiZDU6NzhiZjplYmQz:TW9uLCAwMiBKdW4gMjAyNSAxNzo1ODo1NiAtMDMwMA==
www.pciconcursos.com.br
61 62 63 64 65 66 67 68 69 70 71 72 73 74 75 76 77 78 79 80
C CCCEEEEEEECEC C EE E EC
81 82 83 84 85 86 87 88 89 90 91 92 93 94 95 96 97 98 99 100
E ECCCCCCEECECE E EE C CC
101 102 103 104 105 106 107 108 109 110 111 112 113 114 115 116 117 118 119 120
E CCECEECECEECC C CE E EC
0 0000000000000 0 00 0 00
0 0000000000000 0 00 0 00
0 0000000000000 0 00 0 00
0 0000000000000 0 00 0 00
0 0000000000000 0 00 0 00
0 0000000000000 0 00 0 00
0 0000000000000 0 00 0 00
0 0000000000000 0 00 0 00
0 0000000000000 0 00 0 00
0 0000000000000 0 00 0 00
0 0000000000000 0 00 0 00
0 0000000000000 0 00 0 00
0 0000000000000 0 00 0 00
0 0000000000000 0 00 0 00
0 0000000000000 0 00 0 00
0 0000000000000 0 00 0 00
0 0000000000000 0 00 0 00
0 0000000000000 0 00 0 00
0 0000000000000 0 00 0 00
0 0000000000000 0 00 0 00
0 0000000000000 0 00 0 00
0 0000000000000 0 00 0 00Item000
GABARITOS OFICIAIS PRELIMINARES ESTADO DO MARANHÃO
 SECRETARIA DE ESTADO DA GESTÃO E PREVIDÊNCIA
 POLÍCIA MILITAR DO MARANHÃO
 CONCURSO PÚBLICO PARA PROVIMENTO DE VAGAS E FORMAÇÃO DE CADASTR O DE RESERVA PARA O
 CARGO DE 1º TENENTE DO QUADRO DE OFICIAIS DE SAÚDE DA POLÍCIA M ILITAR DO MARANHÃO (QOS) E
PARA O CARGO DE SOLDADO DO QUADRO DE PRAÇA POLICIAL
Aplicação: 17/12/2017
359_PMMA_001_01
ItemCargo 1: 1º TENENTE PM – CIRURGIÃO-DENTISTA
Gabarito
Item
GabaritoGabarito
www.pciconcursos.com.br
pcimarkpci MjgwNDo0ZDk4OjAxNzE6YzkwMDplMWFhOmJiZDU6NzhiZjplYmQz:TW9uLCAwMiBKdW4gMjAyNSAxNzo1ODo1NiAtMDMwMA==
www.pciconcursos.com.br
 ESTADO DO MARANHÃO
 SECRETARIA DE ESTADO DA GESTÃO E PREVIDÊNCIA
 POLÍCIA MILITAR DO MARANHÃO
 CONCURSO PÚBLICO PARA PROVIMENTO DE VAGAS E FORMAÇÃO DE CADASTR O DE RESERVA PARA O
 CARGO DE 1º TENENTE DO QUADRO DE OFICIAIS DE SAÚDE DA POLÍCIA M ILITAR DO MARANHÃO (QOS) E
PARA O CARGO DE SOLDADO DO QUADRO DE PRAÇA POLICIAL
Aplicação: 17/12/2017
61 62 63 64 65 66 67 68 69 70 71 72 73 74 75 76 77 78 79 80
C ECECCCECCECEE E EC C EC
81 82 83 84 85 86 87 88 89 90 91 92 93 94 95 96 97 98 99 100
E CCECECCEECCEC E CE C EC
101 102 103 104 105 106 107 108 109 110 111 112 113 114 115 116 117 118 119 120
C CEECCCECECEEC E EC C EC
0 0000000000000 0 00 0 00
0 0000000000000 0 00 0 00
0 0000000000000 0 00 0 00
0 0000000000000 0 00 0 00
0 0000000000000 0 00 0 00
0 0000000000000 0 00 0 00
0 0000000000000 0 00 0 00
0 0000000000000 0 00 0 00
0 0000000000000 0 00 0 00
0 0000000000000 0 00 0 00
0 0000000000000 0 00 0 00
0 0000000000000 0 00 0 00
0 0000000000000 0 00 0 00
0 0000000000000 0 00 0 00
0 0000000000000 0 00 0 00
0 0000000000000 0 00 0 00
0 0000000000000 0 00 0 00
0 0000000000000 0 00 0 00
0 0000000000000 0 00 0 00
0 0000000000000 0 00 0 00
0 0000000000000 0 00 0 00
0 0000000000000 0 00 0 00Item
Gabarito
Item
Gabarito0
Item
Gabarito359_PMMA_003_01
00
GABARITOS OFICIAIS PRELIMINARESCargo 3: 1º TENENTE PM – MÉDICO-VETERINÁRIO
www.pciconcursos.com.br
pcimarkpci MjgwNDo0ZDk4OjAxNzE6YzkwMDplMWFhOmJiZDU6NzhiZjplYmQz:TW9uLCAwMiBKdW4gMjAyNSAxNzo1ODo1NiAtMDMwMA==
www.pciconcursos.com.br
 ESTADO DO MARANHÃO
 SECRETARIA DE ESTADO DA GESTÃO E PREVIDÊNCIA
 POLÍCIA MILITAR DO MARANHÃO
 CONCURSO PÚBLICO PARA PROVIMENTO DE VAGAS E FORMAÇÃO DE CADASTR O DE RESERVA PARA O
 CARGO DE 1º TENENTE DO QUADRO DE OFICIAIS DE SAÚDE DA POLÍCIA M ILITAR DO MARANHÃO (QOS) E
PARA O CARGO DE SOLDADO DO QUADRO DE PRAÇA POLICIAL
Aplicação: 17/12/2017
61 62 63 64 65 66 67 68 69 70 71 72 73 74 75 76 77 78 79 80
E EECEEECCCEECC E CE E CC
81 82 83 84 85 86 87 88 89 90 91 92 93 94 95 96 97 98 99 100
C EECCEEECECCEE E EC E CE
101 102 103 104 105 106 107 108 109 110 111 112 113 114 115 116 117 118 119 120
C CECCCC EEEEECE E CE E CC
0 0000000000000 0 00 0 00
0 0000000000000 0 00 0 00
0 0000000000000 0 00 0 00
0 0000000000000 0 00 0 00
0 0000000000000 0 00 0 00
0 0000000000000 0 00 0 00
0 0000000000000 0 00 0 00
0 0000000000000 0 00 0 00
0 0000000000000 0 00 0 00
0 0000000000000 0 00 0 00
0 0000000000000 0 00 0 00
0 0000000000000 0 00 0 00
0 0000000000000 0 00 0 00
0 0000000000000 0 00 0 00
0 0000000000000 0 00 0 00
0 0000000000000 0 00 0 00
0 0000000000000 0 00 0 00
0 0000000000000 0 00 0 00
0 0000000000000 0 00 0 00
0 0000000000000 0 00 0 00
0 0000000000000 0 00 0 00
0 0000000000000 0 00 0 000
0
Item0Cargo 2: 1º TENENTE PM – MÉDICO
Item
Item
GabaritoGabaritoGABARITOS OFICIAIS PRELIMINARES359_PMMA_002_01
Gabarito
www.pciconcursos.com.br
pcimarkpci MjgwNDo0ZDk4OjAxNzE6YzkwMDplMWFhOmJiZDU6NzhiZjplYmQz:TW9uLCAwMiBKdW4gMjAyNSAxNzo1ODo1NiAtMDMwMA==
www.pciconcursos.com.br
 ESTADO DO MARANHÃO
 SECRETARIA DE ESTADO DA GESTÃO E PREVIDÊNCIA
 POLÍCIA MILITAR DO MARANHÃO
 CONCURSO PÚBLICO PARA PROVIMENTO DE VAGAS E FORMAÇÃO DE CADASTR O DE RESERVA PARA O
 CARGO DE 1º TENENTE DO QUADRO DE OFICIAIS DE SAÚDE DA POLÍCIA M ILITAR DO MARANHÃO (QOS) E
PARA O CARGO DE SOLDADO DO QUADRO DE PRAÇA POLICIAL
Aplicação: 17/12/2017
61 62 63 64 65 66 67 68 69 70 71 72 73 74 75 76 77 78 79 80
C EECECECCEECEE E CE C EC
81 82 83 84 85 86 87 88 89 90 91 92 93 94 95 96 97 98 99 100
C ECCCCCEEECEEC C CE E CE
101 102 103 104 105 106 107 108 109 110 111 112 113 114 115 116 117 118 119 120
E CEEEECCECCCCE E CE C CE
0 0000000000000 0 00 0 00
0 0000000000000 0 00 0 00
0 0000000000000 0 00 0 00
0 0000000000000 0 00 0 00
0 0000000000000 0 00 0 00
0 0000000000000 0 00 0 00
0 0000000000000 0 00 0 00
0 0000000000000 0 00 0 00
0 0000000000000 0 00 0 00
0 0000000000000 0 00 0 00
0 0000000000000 0 00 0 00
0 0000000000000 0 00 0 00
0 0000000000000 0 00 0 00
0 0000000000000 0 00 0 00
0 0000000000000 0 00 0 00
0 0000000000000 0 00 0 00
0 0000000000000 0 00 0 00
0 0000000000000 0 00 0 00
0 0000000000000 0 00 0 00
0 0000000000000 0 00 0 00
0 0000000000000 0 00 0 00
0 0000000000000 0 00 0 000359_PMMA_004_01Cargo 4: 1º TENENTE PM – PSICÓLOGO
Item0
GABARITOS OFICIAIS PRELIMINARES
0
Item
Gabarito
GabaritoItem
Gabarito
www.pciconcursos.com.br
pcimarkpci MjgwNDo0ZDk4OjAxNzE6YzkwMDplMWFhOmJiZDU6NzhiZjplYmQz:TW9uLCAwMiBKdW4gMjAyNSAxNzo1ODo1NiAtMDMwMA==
www.pciconcursos.com.br
 ESTADO DO MARANHÃO
 SECRETARIA DE ESTADO DA GESTÃO E PREVIDÊNCIA
 POLÍCIA MILITAR DO MARANHÃO
 CONCURSO PÚBLICO PARA PROVIMENTO DE VAGAS E FORMAÇÃO DE CADASTR O DE RESERVA PARA O
 CARGO DE 1º TENENTE DO QUADRO DE OFICIAIS DE SAÚDE DA POLÍCIA M ILITAR DO MARANHÃO (QOS) E
PARA O CARGO DE SOLDADO DO QUADRO DE PRAÇA POLICIAL
Aplicação: 17/12/2017
61 62 63 64 65 66 67 68 69 70 71 72 73 74 75 76 77 78 79 80
E CCCCECEECEECE E CC E CC
81 82 83 84 85 86 87 88 89 90 91 92 93 94 95 96 97 98 99 100
E EECCECCCCEEEC C CE E CE
101 102 103 104 105 106 107 108 109 110 111 112 113 114 115 116 117 118 119 120
E CECECEEECEEEC C CE C CE
0 0000000000000 0 00 0 00
0 0000000000000 0 00 0 00
0 0000000000000 0 00 0 00
0 0000000000000 0 00 0 00
0 0000000000000 0 00 0 00
0 0000000000000 0 00 0 00
0 0000000000000 0 00 0 00
0 0000000000000 0 00 0 00
0 0000000000000 0 00 0 00
0 0000000000000 0 00 0 00
0 0000000000000 0 00 0 00
0 0000000000000 0 00 0 00
0 0000000000000 0 00 0 00
0 0000000000000 0 00 0 00
0 0000000000000 0 00 0 00
0 0000000000000 0 00 0 00
0 0000000000000 0 00 0 00
0 0000000000000 0 00 0 00
0 0000000000000 0 00 0 00
0 0000000000000 0 00 0 00
0 0000000000000 0 00 0 00
0 0000000000000 0 00 0 00GabaritoItem
Gabarito
ItemGABARITOS OFICIAIS PRELIMINARES00
0
ItemCargo 5: SOLDADO DO QUADRO DE PRAÇA POLICIAL
359_PMMA_005_01
Gabarito
www.pciconcursos.com.br","{}"
"https://www.pciconcursos.com.br/provas/download/agente-tecnico-administrativo-medico-veterinario-fimes-fimes-2018","medico-veterinario","Agente Técnico Administrativo - Médico Veterinário","https://www.pciconcursos.com.br/provas/download/agente-tecnico-administrativo-medico-veterinario-fimes-fimes-2018","2018","FIMES","FIMES","Superior","Agente Técnico Administrativo - Médico Veterinário - FIMES","Agente Técnico Administrativo - Médico Veterinário","2018","FIMES","FIMES","Superior","https://www.pciconcursos.com.br/provas/34410269/1fb6732449c7/agente_tecnico_administrativo_medico_veterinario.pdf","https://www.pciconcursos.com.br/provas/34410269/3b388b8cd72b/gabarito_oficial.pdf","['https://www.pciconcursos.com.br/provas/34410269/1fb6732449c7/agente_tecnico_administrativo_medico_veterinario.pdf', 'https://www.pciconcursos.com.br/provas/34410269/3b388b8cd72b/gabarito_oficial.pdf', 'https://www.pciconcursos.com.br/provas/34410269/1fb6732449c/agente_tecnico_administrativo_medico_veterinario.pdf', 'https://www.pciconcursos.com.br/provas/34410269/3b388b8cd72/gabarito_oficial.pdf']","pcimarkpci MDAwMDowMDAwOjAwMDA6MDAwMDowMDAwOmZmZmY6YzhlMTo3MWRk:TW9uLCAwMiBKdW4gMjAyNSAxNzo1ODo1OCAtMDMwMA==
www.pciconcursos.com.br
Gabarito - Prova Objetiva - Agente Laboratorial - 001/2018
 
Questão Resposta Correta
01 A
02 A
03 A
04 E
05 B
06 A
07 A
08 E
09 A
10 B
11 B
12 A
13 A
14 A
15 A
16 C
17 A
18 C
19 A
20 B
21 C
22 ANULADA
23 B
24 C
25 E
26 A
27 B
28 C
29 C
30 EQuestão Resposta Correta
31 E
32 B
33 E
34 E
35 A
36 B
37 D
38 D
39 C
40 B
41 C
42 D
43 C
44 D
45 A
46 A
47 A
48 C
49 B
50 B
Quarta-feira 12 Setembro 2018
pcimarkpci MDAwMDowMDAwOjAwMDA6MDAwMDowMDAwOmZmZmY6YzhlMTo3MWRk:TW9uLCAwMiBKdW4gMjAyNSAxNzo1ODo1OCAtMDMwMA==
www.pciconcursos.com.br
Gabarito - Prova Objetiva - Agente Técnico Administrativo - Bibliotecário - 001/2018
 
Questão Resposta Correta
01 B
02 A
03 C
04 B
05 C
06 A
07 E
08 A
09 A
10 A
11 A
12 C
13 A
14 A
15 B
16 C
17 D
18 E
19 A
20 B
21 B
22 A
23 A
24 D
25 A
26 E
27 E
28 C
29 A
30 DQuestão Resposta Correta
31 B
32 A
33 C
34 C
35 A
36 D
37 D
38 D
39 E
40 D
41 A
42 D
43 B
44 C
45 B
46 D
47 B
48 A
49 D
50 B
Quarta-feira 12 Setembro 2018
pcimarkpci MDAwMDowMDAwOjAwMDA6MDAwMDowMDAwOmZmZmY6YzhlMTo3MWRk:TW9uLCAwMiBKdW4gMjAyNSAxNzo1ODo1OCAtMDMwMA==
www.pciconcursos.com.br
Gabarito - Prova Objetiva - Agente Técnico Administrativo - Médico Veterinário -
001/2018
 
Questão Resposta Correta
01 B
02 A
03 C
04 B
05 C
06 A
07 E
08 A
09 A
10 A
11 A
12 C
13 A
14 A
15 B
16 C
17 D
18 E
19 A
20 B
21 B
22 A
23 A
24 D
25 A
26 E
27 E
28 C
29 A
30 DQuestão Resposta Correta
31 D
32 B
33 D
34 A
35 C
36 E
37 E
38 A
39 E
40 C
41 C
42 A
43 E
44 B
45 D
46 A
47 A
48 D
49 A
50 D
Quarta-feira 12 Setembro 2018
pcimarkpci MDAwMDowMDAwOjAwMDA6MDAwMDowMDAwOmZmZmY6YzhlMTo3MWRk:TW9uLCAwMiBKdW4gMjAyNSAxNzo1ODo1OCAtMDMwMA==
www.pciconcursos.com.br
Gabarito - Prova Objetiva - Oficial Manutenção - 001/2018
 
Questão Resposta Correta
01 A
02 B
03 E
04 E
05 A
06 C
07 A
08 A
09 B
10 A
11 A
12 A
13 A
14 B
15 A
16 B
17 C
18 B
19 D
20 C
21 C
22 C
23 A
24 E
25 B
26 C
27 A
28 A
29 C
30 DQuestão Resposta Correta
31 E
32 C
33 D
34 D
35 E
36 E
37 C
38 B
39 E
40 E
41 B
42 A
43 E
44 E
45 C
46 B
47 E
48 A
49 C
50 C
Quarta-feira 12 Setembro 2018","{'01': 'A', '02': 'A', '03': 'A', '04': 'E', '05': 'B', '06': 'A', '07': 'A', '08': 'E', '09': 'A', '10': 'B', '11': 'B', '12': 'A', '13': 'A', '14': 'A', '15': 'A', '16': 'C', '17': 'A', '18': 'C', '19': 'A', '20': 'B', '21': 'C', '23': 'B', '24': 'C', '25': 'E', '26': 'A', '27': 'B', '28': 'C', '29': 'C', '31': 'E', '32': 'B', '33': 'E', '34': 'E', '35': 'A', '36': 'B', '37': 'D', '38': 'D', '39': 'C', '40': 'B', '41': 'C', '42': 'D', '43': 'C', '44': 'D', '45': 'A', '46': 'A', '47': 'A', '48': 'C', '49': 'B', '50': 'B', '22': 'A'}"
